key,mode,direction,target,magnitude_cm,realised_mm_mean,realised_mm_max,peak_rel_err_median,peak_rel_err_p90,channel_rel_err_median,channel_rel_err_p90,rdm_median,rdm_p90,lnmag_median,abs_lnmag_p90,d_asymmetry_median,d_asymmetry_p90,d_asymmetry_max,loc_err_median_mm,loc_err_p90_mm,loc_err_mean_mm
cap|anterior|0.25,cap,anterior,all,0.25,1.8909285947124477,2.688378136804042,0.028244639790289613,0.054323783763947454,0.028244639790289613,0.054323783763947454,0.02399453206115623,0.03714057966165064,-0.0022297207812163183,0.013450870148328265,0.005791364199549716,0.03568030916718709,1.4617698013664988,0.0,0.0,0.020035804622591625
cap|anterior|0.5,cap,anterior,all,0.5,3.778379681891169,5.377531488071624,0.056706300543288554,0.10813659409712764,0.056706300543288554,0.10813659409712764,0.0482415330410491,0.07384334259953929,-0.00448223304837392,0.0274218466345529,0.011646913740214093,0.07084673783075057,1.9060288577448972,0.0,1.9249153272244606,0.4491549356481035
cap|anterior|0.855,cap,anterior,all,0.855,6.4663325291536005,9.190833819281071,0.09661030307065574,0.1839542655587469,0.09661030307065574,0.1839542655587469,0.08231226689389176,0.12561947000325865,-0.007813719204773716,0.04758866748036771,0.019985713403550626,0.11986992247608047,1.915980747820195,0.0,7.964525979700153,2.4808964133994005
cap|anterior|0.938,cap,anterior,all,0.938,7.098562781813968,10.082311516454306,0.1060005190646986,0.20141871462739153,0.1060005190646986,0.20141871462739153,0.09023091377578932,0.1377237091112492,-0.008590059543047777,0.052386554942067766,0.02188289043539786,0.1310803876571231,1.9127050099776555,0.0,9.523172144193255,3.2292773282785547
cap|anterior|1.5,cap,anterior,all,1.5,11.380980275690403,16.215243901959756,0.1692279799671655,0.31718652622063415,0.1692279799671655,0.31718652622063415,0.14497384599143276,0.21947682842621835,-0.014878179288472564,0.0854818784888141,0.035329584943635806,0.20619608939582673,1.9167915359716852,5.304554740509657,17.336648364827738,7.470761015664163
cap|anterior|2.0,cap,anterior,all,2.0,15.147829115955206,21.578576076073787,0.22362439279115837,0.41365905641456513,0.22362439279115837,0.41365905641456513,0.1924670624015689,0.289637969673115,-0.02094750519314096,0.11558211150198218,0.0474146703013944,0.271319075771291,1.952356801810922,9.93475362046322,21.9313084453162,10.984829767192073
cap|posterior|0.25,cap,posterior,all,0.25,1.8925478251028387,2.6990574264014398,0.02819164900998774,0.05474398231941247,0.02819164900998774,0.05474398231941247,0.023956127390544535,0.03729291220615592,0.0019047614978125746,0.012974479522462917,0.0057176128881321064,0.034923980216039,1.6837267745668498,0.0,0.0,0.04004560494314315
cap|posterior|0.5,cap,posterior,all,0.5,3.779433436419831,5.389301314255897,0.0559288973844827,0.10903441355833585,0.0559288973844827,0.10903441355833585,0.047484040219631554,0.07424068603411504,0.0034447788864534912,0.025536415651764614,0.011291608222793958,0.06875577653223347,1.8282352186490065,0.0,2.2894321893629703,0.5422227240846546
cap|posterior|0.855,cap,posterior,all,0.855,6.470498535960189,9.290315283490736,0.09541606602430872,0.18547219175851634,0.09541606602430872,0.18547219175851634,0.08111131344717726,0.12802959207964668,0.00495915220756999,0.04233860878062901,0.019125603844501626,0.11495321585432827,1.8528057355115015,0.0,7.944719645702288,2.3866948819222156
cap|posterior|0.938,cap,posterior,all,0.938,7.0983355317314345,10.185965928916941,0.10453793438270406,0.2029130613719826,0.10453793438270406,0.2029130613719826,0.08898811918496509,0.140567358881275,0.005265983631996438,0.04640014601183777,0.020922544648816738,0.12547773280518015,1.8930115546600257,0.0,9.25970704721732,2.999963728226423
cap|posterior|1.5,cap,posterior,all,1.5,11.356948017380981,16.472053098745782,0.1654002108606817,0.3195365574881717,0.1654002108606817,0.3195365574881717,0.14132022582942588,0.22471942764573363,0.006829681933073942,0.07247690645667804,0.03288589424337679,0.19205898038104594,1.9134780373308078,4.718635323657396,16.94993671740186,6.947307735661427
cap|posterior|2.0,cap,posterior,all,2.0,15.134246222910384,21.925888034830535,0.2193265144348993,0.4192497137370394,0.2193265144348993,0.4192497137370394,0.18780183605972287,0.29787399251096064,0.0072097200275613015,0.09442795445867978,0.043152216177347005,0.24825006953552278,1.8606840680124677,10.552812309879364,21.306180587543356,10.756302344865892
cap|left|0.25,cap,left,all,0.25,1.764533432042823,2.70617352245715,0.027608452442752257,0.05315044634729838,0.027608452442752257,0.05315044634729838,0.02238911004611441,0.037257545455075376,5.268034093144462e-07,0.015289972489423577,0.010463695511632218,0.034841129565526624,1.64522118039465,0.0,0.0,0.016704840220910438
cap|left|0.5,cap,left,all,0.5,3.5330105311299493,5.416355503772192,0.05511723468507593,0.10516354041867873,0.05511723468507593,0.10516354041867873,0.04479640890376689,0.07431993724111154,2.4840786778603527e-06,0.02990875895868414,0.020836239335583984,0.0689614255388494,1.8422843395163375,0.0,2.08645003453518,0.48097392864181726
cap|left|0.855,cap,left,all,0.855,6.030410730992615,9.241823810995045,0.0931765443599144,0.1782330729867978,0.0931765443599144,0.1782330729867978,0.07597491928552466,0.1264013559960777,-0.00026252126810271396,0.050615039805912726,0.03535590905177071,0.11563853904666153,1.665130430309235,0.0,6.347279718715266,1.954455361807682
cap|left|0.938,cap,left,all,0.938,6.621184232718387,10.133343634397038,0.1021933043804105,0.19555494562159562,0.1021933043804105,0.19555494562159562,0.0834592573189831,0.1390917630111492,-0.0003648013795282698,0.05535969569908234,0.03881177532800052,0.12686172616864938,1.7439534765296199,0.0,7.364212521551468,2.4608830867485083
cap|left|1.5,cap,left,all,1.5,10.587074040895946,16.12211812736804,0.1617214028453983,0.30938736632081854,0.1617214028453983,0.30938736632081854,0.13275732808093244,0.2214932814231982,-0.0011166643319406285,0.08490330185098222,0.06153385785494911,0.1975691288342692,1.9164078722506352,4.38339790235813,16.035085795487035,6.4412414376555525
cap|left|2.0,cap,left,all,2.0,14.090544279150379,21.429326506904346,0.21263355324584043,0.4081753420257458,0.21263355324584043,0.4081753420257458,0.17622059496436232,0.2954523260373376,-0.002145439438553223,0.10717878069873865,0.0810652700567761,0.2584775522520437,1.9671320541046042,7.8483277163238085,20.74966946393464,9.724568142482676
cap|right|0.25,cap,right,all,0.25,1.7626339536926576,2.70087587468394,0.02735777046758149,0.05300673023114105,0.02735777046758149,0.05300673023114105,0.022205564058416446,0.03690525513202565,-0.00016760437174790022,0.015269657363103503,0.010465401609707714,0.034720804724116275,1.6116078202979804,0.0,0.0,0.03008964193074322
cap|right|0.5,cap,right,all,0.5,3.5204027073999704,5.3906139978042384,0.05485684946397486,0.10519344309688987,0.05485684946397486,0.10519344309688987,0.04470011950555751,0.07362438809553978,-0.00015692455022498302,0.030650217943802134,0.02075621125041527,0.06910914117315947,1.8221507065474913,0.0,2.050082285563988,0.48997779230159094
cap|right|0.855,cap,right,all,0.855,6.013685584248389,9.197573199981958,0.09291195119794729,0.17932245620788612,0.09291195119794729,0.17932245620788612,0.0764116961956432,0.12553412088628835,-2.108082821046356e-05,0.05178764838830377,0.035116128567186274,0.11657390271452145,1.8717130548314405,0.0,6.701347281779387,2.0678957670355325
cap|right|0.938,cap,right,all,0.938,6.593738777864886,10.064919932892925,0.10159119249706788,0.19611415566520385,0.10159119249706788,0.19611415566520385,0.08373394075285703,0.13755666721251997,-7.811961829050769e-05,0.05653387972823411,0.03847146920575131,0.1270724555844535,1.8588038989935072,0.0,8.263041864603293,2.56400624535306
cap|right|1.5,cap,right,all,1.5,10.563212516785768,16.078842136497954,0.1612848154285058,0.3101893499349698,0.1612848154285058,0.3101893499349698,0.1337268118385003,0.22053351986352207,-0.0005692827270217211,0.08851654214233441,0.06131690990554553,0.20024249991043822,1.8539242489301917,3.9860940096815964,15.221752174277787,6.023992408214936
cap|right|2.0,cap,right,all,2.0,14.070775590134156,21.327390858641294,0.21195251599074622,0.40712064642510143,0.21195251599074622,0.40712064642510143,0.17749947758870516,0.2926735166489199,-0.0011597336865954082,0.11400408869718481,0.0810161605158578,0.2625174874520634,1.9478709809087564,7.886314755548428,20.632935862569177,9.662706390030115
single|Fp1|0|0.25,single,0deg,Fp1,0.25,0.13130032405289835,2.494706157005069,0.0032777788136865377,0.017473186372260602,0.0032777788136865377,0.017473186372260602,0.0018601603962882674,0.009897220897238563,1.2119027384288376e-05,0.0023730639973548683,0.0004712753756473398,0.00564452697928762,0.34472046268955414,0.0,0.0,0.0
single|Fp1|0|0.5,single,0deg,Fp1,0.5,0.26244712679914306,4.986495409183719,0.006520050969006203,0.035852839060174446,0.006520050969006203,0.035852839060174446,0.003716917217249214,0.020491646595143007,1.3434249548745922e-05,0.004701781668442732,0.0009397684752951449,0.011431442273045295,0.7499477330536148,0.0,0.0,0.008825875475968041
single|Fp1|0|0.855,single,0deg,Fp1,0.855,0.4447667582407783,8.450568406574789,0.01086679328655259,0.06013927504148068,0.01086679328655259,0.06013927504148068,0.006198841413953087,0.033998187039223415,2.545281661523666e-05,0.007634284160269612,0.0015719563085847682,0.019055181009740865,1.256554888808023,0.0,0.0,0.04777296829904072
single|Fp1|0|0.938,single,0deg,Fp1,0.938,0.4877315206362996,9.266898892089692,0.011868240559058711,0.06576411541671986,0.011868240559058711,0.06576411541671986,0.006784456868985149,0.037161788418600336,2.968927546482123e-05,0.008257683688248411,0.0017201318429131973,0.020836033056552718,1.3725438375844055,0.0,0.0,0.05565097120025318
single|Fp1|0|1.5,single,0deg,Fp1,1.5,0.7589731688152357,14.420490207489479,0.018473113422534625,0.10446484791150519,0.018473113422534625,0.10446484791150519,0.010509297567404863,0.05934206940831149,2.205322094439541e-05,0.012720056701244983,0.002671469733172338,0.0328186080430089,1.827957806015453,0.0,0.0,0.2892834952256766
single|Fp1|0|2.0,single,0deg,Fp1,2.0,1.0057423592667905,19.109104826069018,0.024285848849569983,0.1390572218348258,0.024285848849569983,0.1390572218348258,0.013840224017155608,0.07834461040828412,2.0915178114104287e-06,0.01661302941084176,0.0035186999034009098,0.04332196630618004,1.5346823849288191,0.0,0.0,0.6440323890716545
single|Fp1|45|0.25,single,45deg,Fp1,0.25,0.1315789473684211,2.500000000000001,0.0032307889301695374,0.017283788824980616,0.0032307889301695374,0.017283788824980616,0.0018803047109577015,0.009846201602363462,-0.00016366392149315038,0.0023099554277722536,0.0004339508987587226,0.005903741622075652,0.32275140175028266,0.0,0.0,0.0
single|Fp1|45|0.5,single,45deg,Fp1,0.5,0.26315789473684204,4.999999999999998,0.006461577860339062,0.03456760113282162,0.006461577860339062,0.03456760113282162,0.0037615903923685413,0.019722384784659222,-0.0003229997134383092,0.0045582881883515,0.0008678756248440833,0.011818175011213173,0.6455028035005654,0.0,0.0,0.0020182079875390125
single|Fp1|45|0.855,single,45deg,Fp1,0.855,0.448851516000696,8.528178804013224,0.010833140014381158,0.056634270603851795,0.010833140014381158,0.056634270603851795,0.00627994951902228,0.032360131186808215,-0.0005519310063917869,0.007410350180190538,0.0014468308695338994,0.019603215757770513,1.0534292465620956,0.0,0.0,0.027022617457936864
single|Fp1|45|0.938,single,45deg,Fp1,0.938,0.49226628350501606,9.353059386595305,0.011845744034284742,0.06168899305506911,0.011845744034284742,0.06168899305506911,0.006871539530255026,0.03534326551531154,-0.000604432592214703,0.008057941850063822,0.0015817822190831304,0.02142876887141483,1.1284247887156666,0.0,0.0,0.05245151317099426
single|Fp1|45|1.5,single,45deg,Fp1,1.5,0.7796313312756693,14.812995294237718,0.018592203334916298,0.09460540682559943,0.018592203334916298,0.09460540682559943,0.010803363019384752,0.05458021907934345,-0.00096010696661899,0.012014972957868335,0.0024742848977311327,0.033462259369358205,1.620394317847908,0.0,0.0,0.26042699081874315
single|Fp1|45|2.0,single,45deg,Fp1,2.0,1.0116359738532716,19.22108350321216,0.023858597610082743,0.12027078071047517,0.023858597610082743,0.12027078071047517,0.013830171198810371,0.0690604681531896,-0.0012086943408185764,0.014971285289208384,0.0031752803740922875,0.04279621535311925,1.7917222250149396,0.0,0.0,0.4297039728637603
single|Fp1|90|0.25,single,90deg,Fp1,0.25,0.13157894736842096,2.4999999999999982,0.004273463631959533,0.013796948919652208,0.004273463631959533,0.013796948919652208,0.0024735065610042794,0.007327237966615946,-0.0002980097854724284,0.001789578476221003,0.0004860045165317739,0.005977526079030242,0.44748849717004757,0.0,0.0,0.0
single|Fp1|90|0.5,single,90deg,Fp1,0.5,0.26310878868585563,4.999066985031257,0.008463746430029222,0.026937005912054078,0.008463746430029222,0.026937005912054078,0.004900780070531396,0.014338591892601053,-0.0005893184658793914,0.0034690897060655358,0.0009590055765278521,0.011758934297389785,0.9983158011253292,0.0,0.0,0.0
single|Fp1|90|0.855,single,90deg,Fp1,0.855,0.44981463216048495,8.546478011049214,0.014223629944738117,0.044402136006070465,0.014223629944738117,0.044402136006070465,0.008211223112367994,0.023559210020819298,-0.0009958045936393984,0.005624584488313349,0.0016050144334049665,0.019566192621781865,1.7098809113484856,0.0,0.0,0.01581471277438069
single|Fp1|90|0.938,single,90deg,Fp1,0.938,0.4934710679339908,9.375950290745825,0.015570422246128326,0.04856478932850839,0.015570422246128326,0.04856478932850839,0.008994610652155899,0.02580973220179209,-0.0010890944139731909,0.006156650403452955,0.001755281465271985,0.021381519361507062,1.8762463612473215,0.0,0.0,0.024165101500150533
single|Fp1|90|1.5,single,90deg,Fp1,1.5,0.7839513946201206,14.895076497782291,0.02467859293766701,0.07552370343028791,0.02467859293766701,0.07552370343028791,0.014244219624574197,0.03974454002219323,-0.001728342349879433,0.009486525623538881,0.002766215799629518,0.03359970945529092,1.5266297200439882,0.0,0.0,0.07389993032821059
single|Fp1|90|2.0,single,90deg,Fp1,2.0,1.0126189128994607,19.23975934508975,0.031785495664827315,0.09639868227449264,0.031785495664827315,0.09639868227449264,0.018402030602846377,0.050514518792996815,-0.0022218362047920735,0.01196396256740224,0.0035668755969265054,0.04315436575277687,1.7636464587121552,0.0,0.0,0.129667951421777
single|Fp1|135|0.25,single,135deg,Fp1,0.25,0.13157894736842116,2.500000000000002,0.004448960360814051,0.013335268551260668,0.004448960360814051,0.013335268551260668,0.0025007467373794733,0.007599182400579401,-0.00020782688160218027,0.0016121921067436538,0.0005322185192888629,0.005978443284547434,0.39806746009073957,0.0,0.0,0.0
single|Fp1|135|0.5,single,135deg,Fp1,0.5,0.2631578947368422,5.000000000000002,0.008897932479811086,0.026670495578362298,0.008897932479811086,0.026670495578362298,0.0050034358128162515,0.015229761470643161,-0.0004088724862772687,0.003204080335120476,0.0010639230254565757,0.011927392632090417,0.9296807366696508,0.0,0.0,0.0
single|Fp1|135|0.855,single,135deg,Fp1,0.855,0.44958443768358075,8.542104315988034,0.015513575162003442,0.04533728555528758,0.015513575162003442,0.04533728555528758,0.008722325614060587,0.02593814430089243,-0.0007187950613498728,0.005502287052568827,0.0018468959596310217,0.020609584139644047,1.6414495716263935,0.0,0.0,0.020314540531634312
single|Fp1|135|0.938,single,135deg,Fp1,0.938,0.49313876669370155,9.36963656718033,0.017100057252059618,0.049630412818876785,0.017100057252059618,0.049630412818876785,0.009607971984948137,0.028383546462752925,-0.000793622355885963,0.0060279480698461115,0.0020326986308873557,0.022553080414031354,1.802404213625561,0.0,0.0,0.020314540531634312
single|Fp1|135|1.5,single,135deg,Fp1,1.5,0.7881522968715893,14.974893640560197,0.027910175292626557,0.07851805701753185,0.027910175292626557,0.07851805701753185,0.015775032198205606,0.04505221986710108,-0.0013103838380861532,0.009389545444934713,0.0033104664955528594,0.036533518401336285,1.449835890884309,0.0,0.0,0.1265461010609663
single|Fp1|135|2.0,single,135deg,Fp1,2.0,1.0462157695661833,19.878099621757485,0.037824795339131745,0.1037828002425958,0.037824795339131745,0.1037828002425958,0.02135189401963679,0.059725146053188606,-0.0017770859112127436,0.012593204833860982,0.0044646140117980335,0.04899725433407229,1.7668581029612538,0.0,0.0,0.24911415978609783
single|Fp1|180|0.25,single,180deg,Fp1,0.25,0.13157894736842085,2.499999999999996,0.0033024971865072625,0.0166417437030875,0.0033024971865072625,0.0166417437030875,0.001882059984736451,0.009436244313699008,-1.9467215742157905e-05,0.0023533109101816943,0.00047354895946913333,0.0054743541670909945,0.26692507359143214,0.0,0.0,0.0
single|Fp1|180|0.5,single,180deg,Fp1,0.5,0.2625664529622755,4.988762606283234,0.006810844186858177,0.0348644921485999,0.006810844186858177,0.0348644921485999,0.0038861050804398604,0.01963076838242941,-3.71653056337186e-05,0.004955466078669536,0.0009757556039443338,0.011364055916068407,0.4348475368665653,0.0,0.0,0.008816664895837817
single|Fp1|180|0.855,single,180deg,Fp1,0.855,0.4478000409636614,8.508200778309567,0.011791064687398066,0.05953936367120212,0.011791064687398066,0.05953936367120212,0.0067390310285068075,0.0336477109897088,-6.304589389955002e-05,0.008640375370821969,0.001689089593561073,0.019562416039565766,0.626726063605471,0.0,0.0,0.023589782027358765
single|Fp1|180|0.938,single,180deg,Fp1,0.938,0.4911490583284382,9.331832108240325,0.012964587143062959,0.06495787972145561,0.012964587143062959,0.06495787972145561,0.0074194966581761146,0.036696357747901566,-7.397520889283846e-05,0.0093919295825159,0.0018551292686627696,0.021402623220488692,0.6987957847435264,0.0,0.0,0.07090931559250728
single|Fp1|180|1.5,single,180deg,Fp1,1.5,0.7813244887251369,14.845165285777602,0.02128760837960992,0.1031313569394823,0.02128760837960992,0.1031313569394823,0.012186075779487982,0.05796639452748494,-0.00015368004083723944,0.01501017254860585,0.0030297575745383692,0.03433099921710547,1.20381858771661,0.0,0.0,0.34669517871492816
single|Fp1|180|2.0,single,180deg,Fp1,2.0,1.026891916421923,19.510946412016537,0.028587444973038827,0.13345754594833226,0.028587444973038827,0.13345754594833226,0.0162807493063293,0.07455892454687867,-0.00026695784716497875,0.01942868768800637,0.0040311423820524606,0.04496270893407673,1.6786868221896643,0.0,0.0,0.6416590779774017
single|Fp1|225|0.25,single,225deg,Fp1,0.25,0.1315783127653682,2.4999879425419955,0.003230816179849315,0.01728380271732751,0.003230816179849315,0.01728380271732751,0.0018800303347491268,0.009810337452514906,0.00016725923204135153,0.0023546340217563385,0.00043380842558474186,0.005866126734157817,0.4705227009964892,0.0,0.0,0.0
single|Fp1|225|0.5,single,225deg,Fp1,0.5,0.2628867201048059,4.994847681991312,0.0065503114600044925,0.03586097625588172,0.0065503114600044925,0.03586097625588172,0.00381931637753925,0.01996283342288216,0.0003245761937648618,0.004955181581972264,0.0008862782189363316,0.011916131235164468,0.6306731618559958,0.0,0.0,0.0
single|Fp1|225|0.855,single,225deg,Fp1,0.855,0.4495190568571563,8.54086208028597,0.011260663732834665,0.06162403358332703,0.011260663732834665,0.06162403358332703,0.006558056093061664,0.034220814989060364,0.0005320055176106613,0.00869706193107195,0.001522870252020525,0.020193720532051422,0.8200770325613636,0.0,0.0,0.036855156978165
single|Fp1|225|0.938,single,225deg,Fp1,0.938,0.49315491718615867,9.369943426537015,0.012365236490614537,0.0677556076085519,0.012365236490614537,0.0677556076085519,0.007189670021083576,0.03762797212508149,0.0005813604121726655,0.00963081431070924,0.0016723040191523042,0.02213229385026414,0.7303818751732665,0.0,0.0,0.06209295760725297
single|Fp1|225|1.5,single,225deg,Fp1,1.5,0.7869551463651961,14.952147780938727,0.01984876271601387,0.10892854551926237,0.01984876271601387,0.10892854551926237,0.011487627844705946,0.0601792073479046,0.0008918857921849661,0.016185872841246094,0.0026824497928759905,0.034827713904411715,0.891245436298617,0.0,0.0,0.23887214819341865
single|Fp1|225|2.0,single,225deg,Fp1,2.0,1.0454189169607688,19.862959422254608,0.02613246749809634,0.14558681637433246,0.02613246749809634,0.14558681637433246,0.015108247670841703,0.07844000006107468,0.0011401823475280836,0.021944743849001153,0.003539586383303428,0.04546925860464528,1.3811265788971827,0.0,0.0,0.37742176555606705
single|Fp1|270|0.25,single,270deg,Fp1,0.25,0.1314918214683388,2.4983446078984373,0.0042104856768317425,0.013525737908107799,0.0042104856768317425,0.013525737908107799,0.002435667188508288,0.007205822409241505,0.0003000753616024153,0.0018050071180695094,0.00047905210892534855,0.005838505143289703,0.5669230128119493,0.0,0.0,0.0
single|Fp1|270|0.5,single,270deg,Fp1,0.5,0.26291071546610373,4.995303593855971,0.008158208320268742,0.026453685110595516,0.008158208320268742,0.026453685110595516,0.0047291685364079065,0.013997868940394736,0.0005757539117973521,0.0035103943686762428,0.000931317725271566,0.01131432234480315,1.1773134224946704,0.0,0.0,0.0
single|Fp1|270|0.855,single,270deg,Fp1,0.855,0.4491328247520142,8.53352367028827,0.013608860853532443,0.045420355991940144,0.013608860853532443,0.045420355991940144,0.007924982821839576,0.024162086246778014,0.0009528853498714131,0.006109859091737377,0.0015621791429458742,0.019042089081314537,1.9473192725186284,0.0,0.0,0.007539833467654838
single|Fp1|270|0.938,single,270deg,Fp1,0.938,0.4927117977714641,9.361524157657819,0.014897967845439168,0.049912192758087275,0.014897967845439168,0.049912192758087275,0.008653338051655718,0.026487094976594776,0.001042322848599018,0.006690898161529721,0.0017099996591625755,0.0208436608661094,1.7951747544357608,0.0,0.0,0.010220862451321392
single|Fp1|270|1.5,single,270deg,Fp1,1.5,0.7866845659696754,14.947006753423834,0.023027014896000404,0.07933511272399213,0.023027014896000404,0.07933511272399213,0.013409591775041375,0.04216892483570485,0.0015681237741351985,0.010635194474605399,0.0026622949362441056,0.03248831183539355,1.38707268591082,0.0,0.0,0.09112188622476278
single|Fp1|270|2.0,single,270deg,Fp1,2.0,1.0510071032482795,19.969134961717312,0.030080449349834372,0.10423857045408128,0.030080449349834372,0.10423857045408128,0.017460622201699492,0.055539573318277316,0.0019918892614556646,0.014391402079856595,0.00348489304916344,0.042400597996775244,1.359900627911848,0.0,0.0,0.23129491133533414
single|Fp1|315|0.25,single,315deg,Fp1,0.25,0.13112717481180236,2.4914163214242446,0.004248843533002601,0.013487725918723175,0.004248843533002601,0.013487725918723175,0.0023853648465734364,0.007697898074063731,0.00018766095794352564,0.0016229441248316108,0.0005155858962199913,0.005844816228735793,0.6696923105095643,0.0,0.0,0.0
single|Fp1|315|0.5,single,315deg,Fp1,0.5,0.2621006254781563,4.97991188408497,0.00833050752431527,0.027236979810206716,0.00833050752431527,0.027236979810206716,0.004682965899373198,0.015569850983869012,0.00036093479143537604,0.0032379508209199113,0.001019002769684682,0.011542695148153037,1.3998936769336114,0.0,0.0,0.007539833467654838
single|Fp1|315|0.855,single,315deg,Fp1,0.855,0.44832587862534407,8.518191693881537,0.014140980292318174,0.04680098832025012,0.014140980292318174,0.04680098832025012,0.007914643204268514,0.026950585770225452,0.0006002213325169941,0.005612532512052835,0.001727154400597175,0.01977870675287251,1.6688159494556911,0.0,0.0,0.03072898013730766
single|Fp1|315|0.938,single,315deg,Fp1,0.938,0.48538097282465253,9.222238483668399,0.015275679064462411,0.051177787891924294,0.015275679064462411,0.051177787891924294,0.00855326701906553,0.029528517925313812,0.0006429170708325696,0.006167493792906787,0.0018715859782098554,0.021394358370271573,1.5748914305093271,0.0,0.0,0.03695721492443629
single|Fp1|315|1.5,single,315deg,Fp1,1.5,0.768715114106007,14.605587168014132,0.023927839618948413,0.08478417117703772,0.023927839618948413,0.08478417117703772,0.013538248510807514,0.04817467109109991,0.0009924836398324962,0.010192597535198206,0.002948032455732552,0.03404693004506142,1.2711234272526384,0.0,0.0,0.13965294084059898
single|Fp1|315|2.0,single,315deg,Fp1,2.0,1.020236045367275,19.384484861978226,0.03145552512160331,0.11503814238231608,0.03145552512160331,0.11503814238231608,0.017813922015922724,0.06602164088982716,0.0012881489603832016,0.013796716237079485,0.0039103702254637,0.04518003169236473,1.1915441930485886,0.0,0.0,0.34440996214931147
single|Fp2|0|0.25,single,0deg,Fp2,0.25,0.13098558339219968,2.4887260844517938,0.002980297104901628,0.016142882028913546,0.002980297104901628,0.016142882028913546,0.0017127063790919714,0.0090908763399881,-1.6142825859259487e-05,0.002238988945935948,0.00043945265940058265,0.005179770365219438,0.20300790524228074,0.0,0.0,0.0
single|Fp2|0|0.5,single,0deg,Fp2,0.5,0.25970547515510134,4.9344040279469255,0.006040352425558997,0.0334295626922462,0.006040352425558997,0.0334295626922462,0.00342258982543274,0.018923512590336082,-4.700421275964836e-05,0.004605721198281835,0.0008772913862101772,0.010661973982211782,0.3875431736666989,0.0,0.0,0.0036897578470215385
single|Fp2|0|0.855,single,0deg,Fp2,0.855,0.4372234512048156,8.307245572891496,0.010243633339701788,0.05740551389560481,0.010243633339701788,0.05740551389560481,0.005810270956100377,0.03292501878702025,-8.437735889460179e-05,0.007807275457491017,0.001485012889181292,0.01826176443105494,0.6176117645787431,0.0,0.0,0.03369606934923659
single|Fp2|0|0.938,single,0deg,Fp2,0.938,0.47903368607739677,9.101640035470538,0.011193311624124833,0.06288241506886505,0.011193311624124833,0.06288241506886505,0.006350500110671744,0.03599631583436523,-9.682781395456972e-05,0.008507630663521662,0.0016226842401617751,0.01995475259620466,0.6865377193458619,0.0,0.0,0.05812981259589397
single|Fp2|0|1.5,single,0deg,Fp2,1.5,0.7535509123369277,14.317467334401627,0.017422380373217618,0.09949814991377531,0.017422380373217618,0.09949814991377531,0.00992172980556479,0.05655798865223242,-0.00017466312972119004,0.012983202092537885,0.0025269843869109854,0.03134863861861201,1.1318893028352373,0.0,0.0,0.21189090253546983
single|Fp2|0|2.0,single,0deg,Fp2,2.0,0.9828500908828385,18.674151726773932,0.022694592020412935,0.13221793435159962,0.022694592020412935,0.13221793435159962,0.013075175748982206,0.07561458492063641,-0.00025680301981245566,0.0168657597069644,0.003325674897385115,0.041583763131214535,1.2509828806203336,0.0,0.0,0.461864597806225
single|Fp2|45|0.25,single,45deg,Fp2,0.25,0.1307271407735864,2.4838156746981417,0.004084800000911563,0.013575595509995703,0.004084800000911563,0.013575595509995703,0.0022883044980810978,0.0077166094487228325,0.00016749557469042682,0.0016640237566858086,0.0005017216247670264,0.005607778568963717,0.580374232608608,0.0,0.0,0.0
single|Fp2|45|0.5,single,45deg,Fp2,0.5,0.260585395463289,4.951122513802491,0.007939734388286362,0.02824089754519219,0.007939734388286362,0.02824089754519219,0.004444847989698696,0.01599859547110388,0.00030783655035161847,0.003491049408151042,0.0009917553069342944,0.01121222807504056,1.0045586624788243,0.0,0.0,0.0
single|Fp2|45|0.855,single,45deg,Fp2,0.855,0.4452744463515777,8.460214480679976,0.013430399226276268,0.04982654224072988,0.013430399226276268,0.04982654224072988,0.007538529560614475,0.027696166809241474,0.0005157102871991907,0.006164553333737304,0.0016928116229964346,0.019273182687862433,1.627325633248048,0.0,0.0,0.040762667984898686
single|Fp2|45|0.938,single,45deg,Fp2,0.938,0.4884684106578666,9.280899802499466,0.014709663974415779,0.05477808225920429,0.014709663974415779,0.05477808225920429,0.008268652170621778,0.0303740336569688,0.000564363147797089,0.006748278671779632,0.0018550299257598449,0.021151577398635026,1.772930647272852,0.0,0.0,0.040762667984898686
single|Fp2|45|1.5,single,45deg,Fp2,1.5,0.7682389339064042,14.59653974422168,0.023149962643165323,0.09026021754853454,0.023149962643165323,0.09026021754853454,0.012975990036858856,0.050111611917241644,0.0008579053560257817,0.01105906045452208,0.0029277613454667395,0.034000685877250095,1.7051978504497143,0.0,0.0,0.13128554112981272
single|Fp2|45|2.0,single,45deg,Fp2,2.0,1.0152407096587237,19.28957348351575,0.030536651648189778,0.12149335649349487,0.030536651648189778,0.12149335649349487,0.01718692553516775,0.06762183259391209,0.0011261331166035325,0.014797971233139974,0.00386399049976191,0.045225313733021785,1.4915472390675628,0.0,0.0,0.3074412060871101
single|Fp2|90|0.25,single,90deg,Fp2,0.25,0.13157704519301588,2.499963858667302,0.00412465284746397,0.01286852019477036,0.00412465284746397,0.01286852019477036,0.002416054578363375,0.0068399024800598705,0.00029141599670092085,0.0016835495185498143,0.0004678906465840349,0.005572535249509375,1.1700516073612612,0.0,0.0,0.0
single|Fp2|90|0.5,single,90deg,Fp2,0.5,0.2629043789088881,4.995183199268874,0.008053289281028567,0.02557861757339053,0.008053289281028567,0.02557861757339053,0.004715600336653971,0.013626642668575868,0.000549738229146278,0.0033203198434349473,0.0009213393970187375,0.011032570175583858,1.7249438303336566,0.0,0.0,0.0
single|Fp2|90|0.855,single,90deg,Fp2,0.855,0.4492664015210538,8.536061628900022,0.013685438609237547,0.04360438812438762,0.013685438609237547,0.04360438812438762,0.008004534375311356,0.023102275895775806,0.0009210161767245375,0.005815676332982557,0.0015521918961308445,0.018504386864488298,1.3226036021662209,0.0,0.0,0.05605710068387143
single|Fp2|90|0.938,single,90deg,Fp2,0.938,0.4928504460691862,9.364158475314538,0.014986409037526505,0.047784735585575444,0.014986409037526505,0.047784735585575444,0.008773957391145747,0.02536295988115092,0.001009430631096978,0.006392582234048638,0.0017003828541644478,0.020215364578728856,1.3634266560174841,0.0,0.0,0.06913298272679667
single|Fp2|90|1.5,single,90deg,Fp2,1.5,0.7884628509783896,14.980794168589403,0.023495835247496377,0.07690320878829042,0.023495835247496377,0.07690320878829042,0.013807039243753363,0.040366437573147985,0.001550923249533206,0.010453458970070648,0.002680987679598998,0.03194852027627004,1.3051575370231128,0.0,0.0,0.1962655254666761
single|Fp2|90|2.0,single,90deg,Fp2,2.0,1.0524186446179926,19.99595424774186,0.030465674317093655,0.10114587096903176,0.030465674317093655,0.10114587096903176,0.017821865615272034,0.05355081409261725,0.001957391022135554,0.014065480085678803,0.0035032014726723015,0.04142282618370963,1.2560448153498982,0.0,0.0,0.26548796824743986
single|Fp2|135|0.25,single,135deg,Fp2,0.25,0.13157894736842102,2.499999999999999,0.003404329532635088,0.017116405160483218,0.003404329532635088,0.017116405160483218,0.001976847109899053,0.009262975563484776,0.00018511643508742535,0.0023613613479116836,0.0004420291929380371,0.005897486612720562,1.0558050445688938,0.0,0.0,0.0
single|Fp2|135|0.5,single,135deg,Fp2,0.5,0.26314471102439857,4.999749509463573,0.006820726942994843,0.034573856975167905,0.006820726942994843,0.034573856975167905,0.00396401478565764,0.018650804408965476,0.0003637049368867584,0.004786936743502039,0.0008851238247597482,0.011787484174112508,1.806749290134446,0.0,0.0,0.004638798093780707
single|Fp2|135|0.855,single,135deg,Fp2,0.855,0.4499714272113618,8.549457117015875,0.0116202688843721,0.0594404128382919,0.0116202688843721,0.0594404128382919,0.006774836624465861,0.03206284982002301,0.0006242578291916121,0.008383836416231747,0.0015108155378890376,0.020053394471733446,1.3325409993581405,0.0,0.0,0.011791929287400187
single|Fp2|135|0.938,single,135deg,Fp2,0.938,0.4937623617624219,9.381484873486016,0.01276545135674954,0.06579893911522088,0.01276545135674954,0.06579893911522088,0.00741977522828783,0.03523186585313501,0.0006816602829179863,0.009248359035640854,0.0016600952618088527,0.02198392672566385,1.2892871875957521,0.0,0.0,0.016970985447311855
single|Fp2|135|1.5,single,135deg,Fp2,1.5,0.7893114743591482,14.996918012823816,0.020185301789048496,0.10704035039630928,0.020185301789048496,0.10704035039630928,0.01175483162425096,0.056226996686192875,0.001046866007055013,0.015565594901258863,0.002649198349235715,0.03442652322920256,1.1514310492027404,0.0,0.0,0.27824897576668917
single|Fp2|135|2.0,single,135deg,Fp2,2.0,1.050882696444864,19.966771232452416,0.026630091125759283,0.14254655332701807,0.026630091125759283,0.14254655332701807,0.015524826247772208,0.07436775884198568,0.0013461170432789503,0.02131373098135374,0.0035215683979778235,0.045060193095487644,1.2816977688278937,0.0,0.0,0.5406842359065983
single|Fp2|180|0.25,single,180deg,Fp2,0.25,0.13157894736842102,2.4999999999999996,0.0032140502970237467,0.01755692003103095,0.0032140502970237467,0.01755692003103095,0.0018337382361794698,0.00997039304293606,2.0969875219411148e-05,0.0025164496797574778,0.00046809116474487433,0.0056035543000189925,0.29465440658864306,0.0,0.0,0.0
single|Fp2|180|0.5,single,180deg,Fp2,0.5,0.2631578947368423,5.0000000000000036,0.0064281182410916,0.03511383896569304,0.0064281182410916,0.03511383896569304,0.0036672142815050504,0.019899650176566724,4.468210058565637e-05,0.005064543553224575,0.0009358527706437893,0.011166094673753194,0.6402650974194056,0.0,0.0,0.013714612190463694
single|Fp2|180|0.855,single,180deg,Fp2,0.855,0.44912757317084173,8.533423890245993,0.01099517421849151,0.05932208297418164,0.01099517421849151,0.05932208297418164,0.00626769998480587,0.033395775443298914,6.48251279650755e-05,0.008721322598481587,0.0016068551154190536,0.01879943215825304,1.0148173815047623,0.0,0.0,0.037986464762039526
single|Fp2|180|0.938,single,180deg,Fp2,0.938,0.4922023710874825,9.351845050662167,0.012108723075595056,0.06532363160803956,0.012108723075595056,0.06532363160803956,0.006921573047498665,0.03646368892959653,6.699055911147155e-05,0.009612629163872415,0.0017723019913638005,0.020594162041982236,1.073435742487236,0.0,0.0,0.050669424820537594
single|Fp2|180|1.5,single,180deg,Fp2,1.5,0.7849475863782309,14.914004141186387,0.019819967334083297,0.10312902334912477,0.019819967334083297,0.10312902334912477,0.011322747670686382,0.05808729553961165,8.63975697968182e-05,0.01548868379317362,0.00288213764057043,0.03288304549609834,1.4877548953279138,0.0,0.0,0.2845033259437488
single|Fp2|180|2.0,single,180deg,Fp2,2.0,1.0364344426524357,19.692254410396277,0.026903587333123175,0.13532599591889127,0.026903587333123175,0.13532599591889127,0.015249016841707545,0.07643345300655634,8.788934118004918e-05,0.020547225762842715,0.0038791752299844814,0.0435903318886942,1.5782420580181475,0.0,0.0,0.41927421179346125
single|Fp2|225|0.25,single,225deg,Fp2,0.25,0.13157894736842105,2.5,0.004159864054278834,0.014111720283964095,0.004159864054278834,0.014111720283964095,0.0023385664267519535,0.007998828633919692,-0.00016327444232525833,0.0017588499752102622,0.0005168527099853881,0.005788020803519752,0.6744832346172772,0.0,0.0,0.0
single|Fp2|225|0.5,single,225deg,Fp2,0.5,0.2631578947368423,5.0000000000000036,0.008319710147041118,0.02822349237996747,0.008319710147041118,0.02822349237996747,0.004678489418588774,0.016062005336266016,-0.00031983983493800874,0.003493818874007417,0.0010335160399027963,0.011559298542441573,1.4842285383587517,0.0,0.0,0.0
single|Fp2|225|0.855,single,225deg,Fp2,0.855,0.4489165794426963,8.52941500941123,0.01469740359913824,0.046484871387991566,0.01469740359913824,0.046484871387991566,0.008272702231839534,0.026735205909604813,-0.0005938135157048165,0.005752471056851347,0.001788306485412422,0.01973547195790373,1.4398883118477404,0.0,0.0,0.03439536756113973
single|Fp2|225|0.938,single,225deg,Fp2,0.938,0.4923670239233394,9.35497345454345,0.016177971356261596,0.050933356650202134,0.016177971356261596,0.050933356650202134,0.009106398097600575,0.029315350554590884,-0.0006571855388267393,0.00626950337283614,0.0019670340038432654,0.02162320320780332,1.3656077061569811,0.0,0.0,0.05257937278388017
single|Fp2|225|1.5,single,225deg,Fp2,1.5,0.7866461382862411,14.94627662743858,0.02611136491627445,0.07885857274204956,0.02611136491627445,0.07885857274204956,0.014693933270821746,0.045613675061315986,-0.0011042376404998048,0.009353291954234524,0.003160960612586472,0.03436530389892557,1.1669957687412322,0.0,0.0,0.12719766884290715
single|Fp2|225|2.0,single,225deg,Fp2,2.0,1.0460920284921724,19.875748541351275,0.035256688460222174,0.10379786373305842,0.035256688460222174,0.10379786373305842,0.019930814498368338,0.0600615856690918,-0.0015276856707568608,0.012185828844285563,0.004242227938716342,0.045960465564470976,1.095285993432346,0.0,0.0,0.3056062782244642
single|Fp2|270|0.25,single,270deg,Fp2,0.25,0.1315254776881294,2.4989840760744584,0.004139638245139299,0.012723037710606578,0.004139638245139299,0.012723037710606578,0.0024185008199575572,0.0068374869889080885,-0.0002838802515742598,0.0016168476062355666,0.0004672475783548402,0.005598374852842189,1.0485500845689668,0.0,0.0,0.0
single|Fp2|270|0.5,single,270deg,Fp2,0.5,0.2630505023364974,4.997959544393451,0.00827782745179817,0.025438592193543802,0.00827782745179817,0.025438592193543802,0.004840387140919184,0.013679640144378535,-0.0005623327547616185,0.003203048810980941,0.0009338120307372799,0.011215721117639452,1.7053236316291098,0.0,0.0,0.010050331203486947
single|Fp2|270|0.855,single,270deg,Fp2,0.855,0.44887149887352945,8.52855847859706,0.013780782666759746,0.04151799412348504,0.013780782666759746,0.04151799412348504,0.008101336364518666,0.02270534260826965,-0.0009435475415907335,0.005166174239561576,0.0015527625016400273,0.018504442434935705,1.3135279494463679,0.0,0.0,0.04156489567377875
single|Fp2|270|0.938,single,270deg,Fp2,0.938,0.4923770726630295,9.35516438059756,0.015135932932661553,0.04554687265543088,0.015135932932661553,0.04554687265543088,0.008894777771527876,0.024836151789867134,-0.001034983491152925,0.005646676469441022,0.0017061496123463304,0.020357529639098808,1.2723359780341548,0.0,0.0,0.04568801133302906
single|Fp2|270|1.5,single,270deg,Fp2,1.5,0.7713095895038865,14.654882200573843,0.023813754338650656,0.0706685826770649,0.023813754338650656,0.0706685826770649,0.013983077327830617,0.03876918747308326,-0.0016242400112725834,0.008719686014468047,0.002685517669236248,0.03193689190190302,1.13665107784706,0.0,0.0,0.17692434736787777
single|Fp2|270|2.0,single,270deg,Fp2,2.0,1.013052611215931,19.24799961310269,0.03122198874145221,0.09061954703499121,0.03122198874145221,0.09061954703499121,0.018258454128333768,0.04974262584288874,-0.0020924211050445253,0.011269121949610298,0.003485048879544539,0.04125199639286964,1.7275381459437176,0.0,0.0,0.3119083199371012
single|Fp2|315|0.25,single,315deg,Fp2,0.25,0.1310767979296974,2.4904591606642503,0.0033253497729539856,0.015879564831875893,0.0033253497729539856,0.015879564831875893,0.0019359480560111374,0.008887949759658637,-0.00018725356420731983,0.0021563495997769717,0.00042519004245933356,0.005690223816570417,0.7261002240498127,0.0,0.0,0.0036897578470215385
single|Fp2|315|0.5,single,315deg,Fp2,0.5,0.26215314126886197,4.9809096841083775,0.0066521120005734215,0.031733876432707225,0.0066521120005734215,0.031733876432707225,0.003870050486575057,0.017828457437587118,-0.00036927841494866534,0.0042500461094642705,0.000849453313297166,0.011391648318935826,1.5873243474787575,0.0,0.0,0.010050331203486947
single|Fp2|315|0.855,single,315deg,Fp2,0.855,0.4469903521639907,8.492816691115824,0.011132262244803983,0.052695069588112854,0.011132262244803983,0.052695069588112854,0.006492049062872884,0.02981433598413501,-0.0006117907120293377,0.00702622170716889,0.001425632317862538,0.01904212915489532,1.536881472016905,0.0,0.0,0.04857462685109376
single|Fp2|315|0.938,single,315deg,Fp2,0.938,0.48546264289079816,9.223790214925165,0.012067438248244449,0.05666929656570921,0.012067438248244449,0.05666929656570921,0.0070288494173150135,0.03203468997800779,-0.0006633185216512031,0.007562894666899178,0.0015429655608074078,0.020600026595250488,1.4747579256339294,0.0,0.0,0.08282176320918166
single|Fp2|315|1.5,single,315deg,Fp2,1.5,0.7730358997966494,14.687682096136339,0.018924087995938525,0.08691010514278062,0.018924087995938525,0.08691010514278062,0.01102660883517979,0.04955939507123481,-0.0010335908828838151,0.011435391334628026,0.002408737043351067,0.032255699804378854,1.2441248837073164,0.0,0.0,0.23959325426105657
single|Fp2|315|2.0,single,315deg,Fp2,2.0,0.9674219355767101,18.38101677595749,0.023528574382179812,0.10728804560285309,0.023528574382179812,0.10728804560285309,0.013697888603062673,0.061687428323252844,-0.0012554367007099822,0.013878197577015208,0.0029961272190524024,0.04009911288929302,1.1874380458511666,0.0,0.0,0.2931643296759831
single|T7|0|0.25,single,0deg,T7,0.25,0.13156886837840032,2.499808499189606,0.009385487583943378,0.031211196559095558,0.009385487583943378,0.031211196559095558,0.004896893476705827,0.016098500083564688,-9.500868218242772e-05,0.004738533987189475,0.0009514219438666871,0.0109822246453678,0.8844023567046155,0.0,0.0,0.0076313710362453
single|T7|0|0.5,single,0deg,T7,0.5,0.263161844878287,5.0000750526874524,0.01855325598748555,0.06200764821026043,0.01855325598748555,0.06200764821026043,0.009693392337594505,0.03201421163231672,-0.00019906333390028256,0.009290697667353348,0.0018732504847631393,0.021595076555737683,1.3304847932610533,0.0,0.0,0.08030744111230514
single|T7|0|0.855,single,0deg,T7,0.855,0.4500018367511423,8.550034898271704,0.03148534219502451,0.10635022705484509,0.03148534219502451,0.10635022705484509,0.016441655302471443,0.05537029654840251,-0.0003145614538223395,0.016020455306025538,0.003178001626820137,0.036763759883669755,1.5991526471333497,0.0,0.0,0.3466854710698007
single|T7|0|0.938,single,0deg,T7,0.938,0.4936303716364749,9.378977061093023,0.03449430267487709,0.11657823753877171,0.03449430267487709,0.11657823753877171,0.01798736262759336,0.06060381717954955,-0.00033187727590827036,0.01741857263158961,0.0034755358331831354,0.04033842776831978,1.455194293346155,0.0,0.0,0.4022080263043108
single|T7|0|1.5,single,0deg,T7,1.5,0.7886906844944943,14.985123005395392,0.05431714216822464,0.18412126607726162,0.05431714216822464,0.18412126607726162,0.028360150274170368,0.09687775522385302,-0.0004576974646333144,0.026618639580344914,0.005473094972874848,0.0632870959137416,1.7359518524503406,0.0,1.9883668652750977,0.8975012231847489
single|T7|0|2.0,single,0deg,T7,2.0,1.048208216579016,19.915956115001304,0.07161799427153145,0.24172726815821277,0.07161799427153145,0.24172726815821277,0.037481739577937934,0.12973891109115993,-0.00054245383272376,0.03338388648293538,0.007157002515927345,0.08252135249650977,1.752428334047248,0.0,4.307874012508327,1.503305107942891
single|T7|45|0.25,single,45deg,T7,0.25,0.13156285346504257,2.4996942158358086,0.005821720146530516,0.02479326257094768,0.005821720146530516,0.02479326257094768,0.0031324448902009545,0.012838672723482892,-0.00012595039763963172,0.004124127150559218,0.0005925127357820428,0.007854452238974075,0.9590346967313391,0.0,0.0,0.0027435815657575148
single|T7|45|0.5,single,45deg,T7,0.5,0.2631071376192846,4.999035614766408,0.011542198511711933,0.047846154324212416,0.011542198511711933,0.047846154324212416,0.0062108098838690425,0.02499864697250013,-0.00025282380390844903,0.007940234265266162,0.0011715046682865826,0.015480561298205922,0.8928022460379114,0.0,0.0,0.023809021458952556
single|T7|45|0.855,single,45deg,T7,0.855,0.45000685232041665,8.550130194087917,0.019614742315021298,0.08102356830473943,0.019614742315021298,0.08102356830473943,0.01057324629447282,0.04239854198197398,-0.00044775484813099173,0.013161489891398542,0.0019994094302839133,0.02643262685527001,1.099590958034226,0.0,0.0,0.1282015683059078
single|T7|45|0.938,single,45deg,T7,0.938,0.49368971531831657,9.380104591048015,0.0214685068543534,0.08813249718620532,0.0214685068543534,0.08813249718620532,0.011585779995558817,0.04626553747981881,-0.0004916924563849105,0.014275326870345552,0.002191144575889925,0.028812056347590043,1.1257201583798286,0.0,0.0,0.1770840053347719
single|T7|45|1.5,single,45deg,T7,1.5,0.7894312213208236,14.999193205095647,0.03378695265751025,0.13674876410350528,0.03378695265751025,0.13674876410350528,0.01832587040902362,0.07254959110060585,-0.0008157047971105435,0.021554198933300902,0.003468721894543225,0.04519150722287871,1.4512103215738743,0.0,0.0,0.4450021964531199
single|T7|45|2.0,single,45deg,T7,2.0,1.053248262375561,20.01171698513566,0.04469949631435311,0.18138545756643157,0.04469949631435311,0.18138545756643157,0.02433560203175943,0.09692644269557892,-0.0011408843849711097,0.027548257730140788,0.0046178521571493825,0.05961786731852947,1.5880348548702836,0.0,0.0,0.8357418683236049
single|T7|90|0.25,single,90deg,T7,0.25,0.13157894736842116,2.500000000000002,0.004187772641552953,0.02062060562744342,0.004187772641552953,0.02062060562744342,0.002436863970900762,0.010783942097389594,-9.709619285994743e-05,0.003219221393662137,0.0004818785310916475,0.0065315175546707405,0.9903289635021266,0.0,0.0,0.002698264400647297
single|T7|90|0.5,single,90deg,T7,0.5,0.2631506027122584,4.999861451532909,0.0083548232721401,0.040714184107205766,0.0083548232721401,0.040714184107205766,0.004883278113098017,0.021027808118780626,-0.00020173831121624957,0.00629595330294002,0.0009603314532470875,0.012779814866844236,0.9641786669057112,0.0,0.0,0.01978510466399476
single|T7|90|0.855,single,90deg,T7,0.855,0.44929280320260007,8.536563260849402,0.014338367420365868,0.0683175547192022,0.014338367420365868,0.0683175547192022,0.008452272792030436,0.035819961718633095,-0.0003741288597232667,0.010545991607884437,0.0016538422401856379,0.02145696418529211,1.4093775855619093,0.0,0.0,0.09104925169674086
single|T7|90|0.938,single,90deg,T7,0.938,0.49284301514973655,9.364017287844995,0.015738967832760582,0.07466870837778496,0.015738967832760582,0.07466870837778496,0.009273745004903172,0.03926507578372136,-0.0004123597170765941,0.011470317492686859,0.0018175431013168764,0.023515596468136946,1.6034451436538713,0.0,0.0,0.09397455836992495
single|T7|90|1.5,single,90deg,T7,1.5,0.7868604793536149,14.950349107718683,0.02499169526532459,0.11113493446629522,0.02499169526532459,0.11113493446629522,0.014654116913557974,0.05890196257426868,-0.0007062987869579059,0.016988590875609704,0.002876330873415045,0.03632776086443493,1.4872882292719571,0.0,0.0,0.2624665843886261
single|T7|90|2.0,single,90deg,T7,2.0,1.0483706041115513,19.919041478119475,0.032725660810632655,0.1365658743217515,0.032725660810632655,0.1365658743217515,0.01922945264582708,0.0739565251432128,-0.0009817241347858385,0.021403664291782507,0.003771928622568234,0.04642504634807756,1.4035992489392028,0.0,0.0,0.4344781787952403
single|T7|135|0.25,single,135deg,T7,0.25,0.13157894736842102,2.4999999999999996,0.007786780142250412,0.02530246708407031,0.007786780142250412,0.02530246708407031,0.004243954978037541,0.01383674133418701,6.894429623228693e-06,0.0037156653403240766,0.0007620496718677428,0.009548240440720977,0.907627792942336,0.0,0.0,0.02023488239049776
single|T7|135|0.5,single,135deg,T7,0.5,0.2623160234704153,4.984004445937891,0.015239640358903524,0.04841581347811516,0.015239640358903524,0.04841581347811516,0.008323092654052584,0.026272346217757668,-1.6682267919570027e-06,0.007232412204850363,0.001482738068375622,0.018302002747700996,1.2267509928138218,0.0,0.0,0.08373346742044457
single|T7|135|0.855,single,135deg,T7,0.855,0.44666785583605406,8.486689260885028,0.02564322857923989,0.07894863439745656,0.02564322857923989,0.07894863439745656,0.014050085127760122,0.04300984327705988,-9.308834101080315e-06,0.011831048629848594,0.0024905007480653107,0.02988915159338587,1.7273445865998052,0.0,0.0,0.2004852226917166
single|T7|135|0.938,single,135deg,T7,0.938,0.48987122242344266,9.30755322604541,0.027785907030726965,0.08521365549116906,0.027785907030726965,0.08521365549116906,0.015257270065459926,0.046256752127116725,-1.8585459065056624e-05,0.012863988263204966,0.002697972016819164,0.032196867205439406,1.611747684678515,0.0,0.0,0.24585605274628386
single|T7|135|1.5,single,135deg,T7,1.5,0.7909359971840452,15.027783946496857,0.043074299997706934,0.1272559016756782,0.043074299997706934,0.1272559016756782,0.023647449592327136,0.06894144334165388,-7.437984418654254e-05,0.019458098124437474,0.004150240528804666,0.04800201781794919,1.6998954216308952,0.0,0.0,0.5193876874459626
single|T7|135|2.0,single,135deg,T7,2.0,1.0535363877654882,20.017191367544275,0.055820021404659304,0.16178896571633164,0.055820021404659304,0.16178896571633164,0.03065844229469397,0.08755789382216574,-0.0001340640612454242,0.02403758278473666,0.005369837965701285,0.06085130700255362,1.677523977546919,0.0,0.0,0.8240179550311002
single|T7|180|0.25,single,180deg,T7,0.25,0.13157894736842102,2.499999999999999,0.009447342752794269,0.03158327700851872,0.009447342752794269,0.03158327700851872,0.004925086851783621,0.01626429785488123,0.00011679531330199288,0.0049812832447393264,0.0009609815072404763,0.011013179135998585,0.9225743324073632,0.0,0.0,0.01104680616860867
single|T7|180|0.5,single,180deg,T7,0.5,0.26316865612062473,5.00020446629187,0.018531114473720404,0.060982298250870065,0.018531114473720404,0.060982298250870065,0.009668908417549547,0.03132560050684902,0.00022459291397717757,0.009598488707449964,0.0018735414476184764,0.02113160125104889,1.544717526010511,0.0,0.0,0.07128320695394706
single|T7|180|0.855,single,180deg,T7,0.855,0.44996618084625667,8.549357436078877,0.031600299331175856,0.10233200555831652,0.031600299331175856,0.10233200555831652,0.01640730316831234,0.05307357323129814,0.0003973938280455423,0.01630364917003842,0.003203914687442855,0.03575690100925543,1.71048110498835,0.0,0.0,0.2609963345090186
single|T7|180|0.938,single,180deg,T7,0.938,0.4936420717676634,9.379199363585604,0.03472149137454672,0.11181708938243896,0.03472149137454672,0.11181708938243896,0.018008095354874864,0.0582621913447964,0.0004453776950984616,0.017944046679572657,0.0035185367415723895,0.03905283187456235,1.6313381560602789,0.0,0.0,0.3039832844679746
single|T7|180|1.5,single,180deg,T7,1.5,0.7892595919617746,14.995932247273718,0.054526040566789204,0.17040843501330413,0.054526040566789204,0.17040843501330413,0.028377122128214187,0.09019375715149057,0.0007610744076963975,0.028189989557860586,0.005479423578062581,0.05880358514383799,1.6968762069452292,0.0,0.0,0.8685311906621418
single|T7|180|2.0,single,180deg,T7,2.0,1.053541868685713,20.017295505028546,0.07163214510615482,0.21930208772203286,0.07163214510615482,0.21930208772203286,0.03714331684347026,0.11699866455532669,0.0010364772975784893,0.03751776058251448,0.007174835401052154,0.07565688416543048,1.6666240016525167,0.0,4.423254790508153,1.3699680777987409
single|T7|225|0.25,single,225deg,T7,0.25,0.13157894736842102,2.499999999999999,0.0058469045203117034,0.025809585435503914,0.0058469045203117034,0.025809585435503914,0.0031534015304243252,0.013197025765798598,0.00012570102748888994,0.004311584995045927,0.0005960323506509768,0.007920990586405552,0.8933864383044856,0.0,0.0,0.0
single|T7|225|0.5,single,225deg,T7,0.5,0.2630515842410097,4.997980100579185,0.011788890064790794,0.05104136256331624,0.011788890064790794,0.05104136256331624,0.006348888535049435,0.026188208793282486,0.00023997350660839845,0.008604866660610588,0.0011975496098613897,0.015844687194093154,1.1780259610994193,0.0,0.0,0.015934925162911805
single|T7|225|0.855,single,225deg,T7,0.855,0.44978517919152905,8.545918404639052,0.020439085249671838,0.08997397039231839,0.020439085249671838,0.08997397039231839,0.011020660866308821,0.04568882135588854,0.00038310457603487073,0.01511956062284705,0.0020738324430670356,0.027209214292900574,1.4814039792154037,0.0,0.0,0.15895277489462412
single|T7|225|0.938,single,225deg,T7,0.938,0.49349031191265635,9.376315926340471,0.022429418030655707,0.09907910434205376,0.022429418030655707,0.09907910434205376,0.012076537130997472,0.050299286713190165,0.0004210898545867704,0.01669813639252756,0.0022765212871399404,0.02986996555723373,1.363467614479988,0.0,0.0,0.2536001621210737
single|T7|225|1.5,single,225deg,T7,1.5,0.7876604658029167,14.965548850255418,0.036587824194914145,0.15973039471708664,0.036587824194914145,0.15973039471708664,0.019650096148783797,0.08153733873056948,0.0006119574101088991,0.027345411417108598,0.003669022738602576,0.04731443866181907,1.8642166149410586,0.0,0.0,0.6246705952407718
single|T7|225|2.0,single,225deg,T7,2.0,1.0523715524141182,19.995059495868247,0.048853629245132535,0.21291459217205547,0.048853629245132535,0.21291459217205547,0.026281877870779458,0.10919583365450394,0.000800378363094462,0.03705766859546338,0.004909669664557553,0.06256792503836475,1.6744759744517212,0.0,2.181861692375058,1.0626598571161743
single|T7|270|0.25,single,270deg,T7,0.25,0.13149021889551452,2.4983141590147757,0.004158302153822901,0.02132949187565593,0.004158302153822901,0.02132949187565593,0.00242455285763387,0.01097243333946637,9.429407563318819e-05,0.003453734960032709,0.0004790369236191139,0.006600805220304824,0.829222286803044,0.0,0.0,0.0
single|T7|270|0.5,single,270deg,T7,0.5,0.26284831699359545,4.994118022878314,0.008206562267395436,0.043926634295267136,0.008206562267395436,0.043926634295267136,0.004787347306157416,0.022553002133465026,0.00017241015877165051,0.0071802669347815675,0.0009506187452299475,0.013384905742178335,1.1955933011860838,0.0,0.0,0.06831913593669159
single|T7|270|0.855,single,270deg,T7,0.855,0.44850168318962946,8.52153198060296,0.013916443332150284,0.07545421782411853,0.013916443332150284,0.07545421782411853,0.008096694103017592,0.039061196648882884,0.0002716155401760881,0.012466588890951646,0.0016078974425808579,0.02276872904396267,1.5094402171474894,0.0,0.0,0.20324191979819756
single|T7|270|0.938,single,270deg,T7,0.938,0.491936963572673,9.346802307880788,0.015292897713419304,0.08347824624195598,0.015292897713419304,0.08347824624195598,0.008909586397196304,0.04343490421126663,0.0002906166160198731,0.013698660851914261,0.001764264098346957,0.025093027537070434,1.451305884316446,0.0,0.0,0.2430027752001324
single|T7|270|1.5,single,270deg,T7,1.5,0.7869830041912805,14.95267707963433,0.02463732510601284,0.13689277716896256,0.02463732510601284,0.13689277716896256,0.014248139771303743,0.07221828970703112,0.00041991395554600414,0.022476477766748798,0.0028485693079620816,0.04119090830627464,1.9089112819020115,0.0,0.0,0.6603414377053707
single|T7|270|2.0,single,270deg,T7,2.0,1.0499027752596615,19.948152729933568,0.03282511295357288,0.18875847992229755,0.03282511295357288,0.18875847992229755,0.019130509923305006,0.09894418533032098,0.0005100764275175589,0.03043856448530321,0.0038134788749800697,0.05553730837455123,1.5869931018677328,0.0,0.0,1.1372053236741693
single|T7|315|0.25,single,315deg,T7,0.25,0.13157519091824507,2.4999286274466566,0.0077859482013355585,0.025338037762407787,0.0077859482013355585,0.025338037762407787,0.004240679619024096,0.013907591475122908,3.6572686412121942e-06,0.0037423623691462586,0.0007620369030213459,0.009607767681251128,1.2724129775432687,0.0,0.0,0.02289726975098943
single|T7|315|0.5,single,315deg,T7,0.5,0.26314643861809756,4.999782333743854,0.015444664637466554,0.05236440393725065,0.015444664637466554,0.05236440393725065,0.008407915398389833,0.028499990033751216,2.267214981559976e-06,0.007754855205032776,0.0015231032900041575,0.019393994849203212,1.4529966150899112,0.0,0.0,0.12018316884862144
single|T7|315|0.855,single,315deg,T7,0.855,0.44993934006451,8.548847461225689,0.02624462948409438,0.0904964857807586,0.02624462948409438,0.0904964857807586,0.014242689920063795,0.04965390697140697,1.0131838461315838e-06,0.013160785190193975,0.002596167285402573,0.032902416466502035,1.3704747192211597,0.0,0.0,0.3960423623567914
single|T7|315|0.938,single,315deg,T7,0.938,0.49361646288827005,9.378712794877131,0.0287550711602231,0.09956472876264227,0.0287550711602231,0.09956472876264227,0.01559091934387103,0.05455289886284564,8.770042812419519e-06,0.014374608254492872,0.002843227907471907,0.03616000778167361,1.647345327896851,0.0,0.0,0.5036006179081363
single|T7|315|1.5,single,315deg,T7,1.5,0.7858136478607786,14.930459309354793,0.04541046685741933,0.16119419570316224,0.04541046685741933,0.16119419570316224,0.024753208447748528,0.0887780197952611,3.06926493182065e-05,0.022511803791517265,0.004532605291841574,0.05764317357201315,1.8950977663488107,0.0,0.0,0.9293678742304722
single|T7|315|2.0,single,315deg,T7,2.0,1.0421752422356172,19.801329602476727,0.06063299119242781,0.21736131596218863,0.06063299119242781,0.21736131596218863,0.032953024845894095,0.12114334454847925,0.00010388408160026602,0.02996265374404028,0.006047072572608045,0.07722362880805243,1.7996966654636637,0.0,3.2981734855844524,1.4708806619222496
single|T8|0|0.25,single,0deg,T8,0.25,0.13157105906741803,2.4998501222809426,0.008480716287859562,0.029770124456932834,0.008480716287859562,0.029770124456932834,0.00445067916049202,0.015346164900751042,-7.920379194785237e-05,0.003911741773509496,0.000846467761416423,0.00967799968451058,1.3327875888594833,0.0,0.0,0.0027506200244061135
single|T8|0|0.5,single,0deg,T8,0.5,0.2631115456161636,4.9991193667071085,0.016974204567753046,0.05997862219897924,0.016974204567753046,0.05997862219897924,0.008946741496694555,0.03133283935094221,-0.00017890974680515037,0.007673000872232065,0.001682512029485654,0.019317203948984202,1.590925779018962,0.0,0.0,0.033129119595550705
single|T8|0|0.855,single,0deg,T8,0.855,0.44990764987652565,8.548245347653987,0.028998970630140796,0.10288012170036616,0.028998970630140796,0.10288012170036616,0.015255530741537553,0.05422495789242073,-0.00028869022748567426,0.012897941553989663,0.0028631434485159313,0.033044761637842146,1.7988456515917837,0.0,0.0,0.27411097896786635
single|T8|0|0.938,single,0deg,T8,0.938,0.49358163268558886,9.378051021026188,0.0318285389758243,0.11287455796713225,0.0318285389758243,0.11287455796713225,0.016746032016208515,0.05962278002782251,-0.00030719732093513463,0.014120285739139283,0.003139509524075927,0.03617234527900237,1.7407268578081743,0.0,0.0,0.3326926020211987
single|T8|0|1.5,single,0deg,T8,1.5,0.7882319973012294,14.97640794872336,0.050687151451091574,0.1771723670927198,0.050687151451091574,0.1771723670927198,0.02653168145684929,0.0965553890837071,-0.00046078411060476905,0.022233009035776873,0.005006567976737819,0.05780438424149209,1.5929798103073758,0.0,0.0,0.6430548927055707
single|T8|0|2.0,single,0deg,T8,2.0,1.0476814643693086,19.905947823016863,0.06726193234761288,0.2326095472944238,0.06726193234761288,0.2326095472944238,0.03524299336611945,0.12782178698697524,-0.0005557738974517619,0.0289545732277615,0.006617784751240766,0.07573863073434736,1.9319456315063397,0.0,2.7247333020246645,1.0140867268167826
single|T8|45|0.25,single,45deg,T8,0.25,0.13155744545383466,2.4995914636228584,0.0071145500538872895,0.02464319177447465,0.0071145500538872895,0.02464319177447465,0.0038968461874916453,0.013483589384297327,3.017881471816781e-05,0.0033710396578891795,0.0007093550365489254,0.00868737357866926,1.1181097091411207,0.0,0.0,0.004774667528946405
single|T8|45|0.5,single,45deg,T8,0.5,0.2630418874956714,4.997795862417757,0.014444024661697868,0.04985701374266933,0.014444024661697868,0.04985701374266933,0.007864935344033793,0.027300865586206424,4.8578754952629e-05,0.006613093183635521,0.0014355300115820452,0.01752263658882422,1.5234411432439097,0.0,0.0,0.1209059389363977
single|T8|45|0.855,single,45deg,T8,0.855,0.44948346505192277,8.540185835986533,0.02474659643285576,0.08607291742826571,0.02474659643285576,0.08607291742826571,0.013473326079054434,0.04741737011650991,9.410034520562556e-05,0.011250331757333192,0.0024709336036098928,0.0300069780215675,1.753147988848387,0.0,0.0,0.3085381047091301
single|T8|45|0.938,single,45deg,T8,0.938,0.4929591115295462,9.366223119061377,0.027228246698834273,0.0950416437815217,0.027228246698834273,0.0950416437815217,0.01481090557249659,0.052513667691854005,0.00010184998230131076,0.01235949984179995,0.0027186727808530264,0.03291352324297274,1.7840794615176674,0.0,0.0,0.3806443639439081
single|T8|45|1.5,single,45deg,T8,1.5,0.7881466808414056,14.974786935986707,0.04402201430375892,0.1558968915554993,0.04402201430375892,0.1558968915554993,0.023857115950386233,0.08734301394312005,0.00020332691376267597,0.01984536812446052,0.004376256155028943,0.053260794585854684,1.8251237254409662,0.0,0.0,0.6950215662279813
single|T8|45|2.0,single,45deg,T8,2.0,1.0487907770769063,19.92702476446122,0.05915174053033344,0.214254127941854,0.05915174053033344,0.214254127941854,0.032038274723530116,0.11979068790035301,0.0003092771152351373,0.02633214592673817,0.0058912025220670405,0.07128052163001662,1.7699855335904155,0.0,0.15411731729671754,1.141356005927352
single|T8|90|0.25,single,90deg,T8,0.25,0.1315789473684211,2.500000000000001,0.004161737308801861,0.02317756798237024,0.004161737308801861,0.02317756798237024,0.0024106508400630637,0.01156440114620125,9.73518139589157e-05,0.0032068904615091508,0.00047925141470692156,0.006586019401293917,0.7720319406014351,0.0,0.0,0.002433966165253165
single|T8|90|0.5,single,90deg,T8,0.5,0.2631447974834136,4.999751152184857,0.008319409681236057,0.04567649722938273,0.008319409681236057,0.04567649722938273,0.004812703014737851,0.022857975568282767,0.00019756862962523247,0.0063468096780752185,0.000955554028568395,0.013047005092355402,1.2831545127552484,0.0,0.0,0.14517939302503285
single|T8|90|0.855,single,90deg,T8,0.855,0.449985943236753,8.549732921498308,0.014143368219653438,0.07735346862434282,0.014143368219653438,0.07735346862434282,0.00818124184328046,0.03904972298429418,0.000312719137192561,0.010704685198856687,0.0016114066164872737,0.022140069822498987,1.7480447237559966,0.0,0.0,0.2734300549266705
single|T8|90|0.938,single,90deg,T8,0.938,0.4936687444556093,9.379706144656577,0.015516415002038157,0.08534335872053951,0.015516415002038157,0.08534335872053951,0.008952820749517493,0.04274241087057221,0.0003370988831434422,0.011891918540088984,0.0017608607440255386,0.024335992893788794,1.9037467387132831,0.0,0.0,0.3130939272178286
single|T8|90|1.5,single,90deg,T8,1.5,0.7891353202623437,14.993571084984529,0.02456469725668141,0.1359876035408844,0.02456469725668141,0.1359876035408844,0.014233282187860314,0.0693247395508957,0.0005015171588350299,0.01907360096528852,0.002778299573428955,0.03908256235652513,1.6418140646021258,0.0,0.0,0.7635879919991615
single|T8|90|2.0,single,90deg,T8,2.0,1.0514322683111288,19.977213097911445,0.03240849262894856,0.18156482378878241,0.03240849262894856,0.18156482378878241,0.01886763287229851,0.09403349488003523,0.0006215836983539222,0.025680708257371336,0.003650219784110696,0.05176105961948335,1.6712924064473507,0.0,0.0,1.096681703502246
single|T8|135|0.25,single,135deg,T8,0.25,0.13157894736842105,2.5,0.00538277644392841,0.02556970700836249,0.00538277644392841,0.02556970700836249,0.0029788990598275914,0.01311276227391953,0.00011827366333044047,0.003990583278341558,0.0005607472797213298,0.007512709514387039,1.20040703308606,0.0,0.0,0.002433966165253165
single|T8|135|0.5,single,135deg,T8,0.5,0.2631578728347695,4.99999958386062,0.01082135314990209,0.05163274578731167,0.01082135314990209,0.05163274578731167,0.005988472224203656,0.026361636969029364,0.00023844350236692434,0.008150547809943951,0.0011295636574815355,0.014985253654970832,1.5230858971207692,0.0,0.0,0.02397128249438469
single|T8|135|0.855,single,135deg,T8,0.855,0.4499998907981957,8.549997925165718,0.0188843733119929,0.0904602359456136,0.0188843733119929,0.0904602359456136,0.010371668715239566,0.046433985388619384,0.000402498273264779,0.014640050837357645,0.001959827484543382,0.025637066967143463,1.5388357027013964,0.0,0.0,0.21152195686581227
single|T8|135|0.938,single,135deg,T8,0.938,0.4936820982630121,9.37995986699723,0.020714001536241103,0.09972335598726939,0.020714001536241103,0.09972335598726939,0.01138044753688843,0.050902744319499864,0.00043643043086646015,0.016256827989852195,0.0021520464159324737,0.0280515870468811,1.4805567605674916,0.0,0.0,0.2599422439638573
single|T8|135|1.5,single,135deg,T8,1.5,0.7894677294072531,14.999886858737808,0.03299458499274391,0.160270607285143,0.03299458499274391,0.160270607285143,0.018105368617651336,0.08128069206015977,0.000639671647969356,0.026304574344298302,0.0034247192358236034,0.044301752981748016,1.6437255744465655,0.0,0.0,0.6921926732869704
single|T8|135|2.0,single,135deg,T8,2.0,1.0499526232559553,19.94909984186315,0.043973309320326864,0.2142784719184148,0.043973309320326864,0.2142784719184148,0.023984279180985488,0.107788120969815,0.0007980155228174534,0.035565304045871125,0.004517341398029839,0.05823029668552018,1.6499624453326558,0.0,2.1083536637703304,1.192669246703482
single|T8|180|0.25,single,180deg,T8,0.25,0.13157894736842116,2.500000000000002,0.008458069205363827,0.029626057944050353,0.008458069205363827,0.029626057944050353,0.004435922667314235,0.015128492734360566,9.661684404238499e-05,0.0040079431318545316,0.0008426415171203239,0.009563640310510749,0.9275508018167433,0.0,0.0,0.0027999140068318586
single|T8|180|0.5,single,180deg,T8,0.5,0.2631573011099847,4.999988721089709,0.016925623624663252,0.059183483215452325,0.016925623624663252,0.059183483215452325,0.008875803163741976,0.030248127296371594,0.0002150751149215101,0.008173115121362285,0.0016868865395003318,0.018915116042958202,1.9482831373925662,0.0,0.0,0.03261379415674783
single|T8|180|0.855,single,180deg,T8,0.855,0.4499817497367286,8.549653244997844,0.028839739367579956,0.09937846411863863,0.028839739367579956,0.09937846411863863,0.01513813502996254,0.05066001077796642,0.00035841877310200987,0.01417203864158892,0.0028642231951221814,0.03177445537854626,1.7087683074589326,0.0,0.0,0.2471563290883231
single|T8|180|0.938,single,180deg,T8,0.938,0.4936625263889117,9.379588001389322,0.03160515893257286,0.10872250863368628,0.03160515893257286,0.10872250863368628,0.016605950168643302,0.05559532288738966,0.0003917137752566441,0.015566939696927119,0.0031432703512045274,0.03473968967664259,1.4965391322435724,0.0,0.0,0.2620911950705421
single|T8|180|1.5,single,180deg,T8,1.5,0.7891554295627251,14.993953161691778,0.05019865494727656,0.16860690286080346,0.05019865494727656,0.16860690286080346,0.026435697260635257,0.08622794302626684,0.0006521758717268128,0.02526250789339476,0.004991685206376585,0.05367056769884805,1.8543988148683161,0.0,0.0,0.6871556538421915
single|T8|180|2.0,single,180deg,T8,2.0,1.0505007027538622,19.95951335232338,0.0666540175165031,0.21600658356513733,0.0666540175165031,0.21600658356513733,0.03494593181975299,0.11166971200521614,0.000890462812909021,0.03362165036255761,0.006587989176828769,0.0692703359995714,1.7372786126405653,0.0,3.561580305779066,1.1681636183667659
single|T8|225|0.25,single,225deg,T8,0.25,0.13151526690646462,2.4987900712228277,0.0070427522356221895,0.02301655894229829,0.0070427522356221895,0.02301655894229829,0.003873943099473953,0.012435498119828057,-2.880902467143447e-05,0.0032172103958247413,0.0006980623058099183,0.008149579819328734,1.375305827447352,0.0,0.0,0.0027999140068318586
single|T8|225|0.5,single,225deg,T8,0.5,0.26316756855458634,5.000183802537141,0.014002361817295951,0.04567202168945524,0.014002361817295951,0.04567202168945524,0.0076864227842855974,0.024582056782411956,-4.9087914203848385e-05,0.006429609347804316,0.0013872598062027869,0.016035824007754974,1.2222917940431222,0.0,0.0,0.05694279159640881
single|T8|225|0.855,single,225deg,T8,0.855,0.4499824649386744,8.549666833834813,0.023557784561842276,0.07511972553049316,0.023557784561842276,0.07511972553049316,0.012980017658184254,0.04096229754829216,-8.602428373981154e-05,0.010930511020990451,0.0023331855694608697,0.026726768382867166,1.4975613152037432,0.0,0.0,0.2205042099023976
single|T8|225|0.938,single,225deg,T8,0.938,0.49362041533755424,9.37878789141353,0.025803354296851516,0.08224651214619239,0.025803354296851516,0.08224651214619239,0.014206387313360398,0.0448101995646626,-9.202910837336553e-05,0.011977857022002714,0.002557296089620076,0.029175309544697325,1.4699526822750804,0.0,0.0,0.30253201811313063
single|T8|225|1.5,single,225deg,T8,1.5,0.7896548192700731,15.00344156613139,0.04030717361402833,0.12305797246365627,0.04030717361402833,0.12305797246365627,0.022176483627036857,0.06593753721895033,-0.0001817349201490562,0.018163102374850294,0.0039649228208493426,0.04341433213932466,1.580060188746013,0.0,0.0,0.5953444597942658
single|T8|225|2.0,single,225deg,T8,2.0,1.0526892051237122,20.001094897350534,0.05275564285500885,0.1582221063294802,0.05275564285500885,0.1582221063294802,0.029038365547904264,0.08445603679884216,-0.00027690498912870973,0.023503556816605712,0.005218547758407816,0.055969330285630434,1.7685481891819665,0.0,0.0,0.8332935215234027
single|T8|270|0.25,single,270deg,T8,0.25,0.13145221243333383,2.4975920362333426,0.004118988764572707,0.02030200363093922,0.004118988764572707,0.02030200363093922,0.0023991310483793293,0.010359510852099811,-0.00011531346296724046,0.0028639092461659973,0.000471238580007749,0.006145677589951326,0.7089270325614216,0.0,0.0,0.0
single|T8|270|0.5,single,270deg,T8,0.5,0.2630913853154511,4.998736320993571,0.00823074992012027,0.04055746507119043,0.00823074992012027,0.04055746507119043,0.004806386243533475,0.020728565339233198,-0.0002266797817240029,0.005700333266766205,0.0009426293646581374,0.012281063793096403,1.5864480312111247,0.0,0.0,0.026802588750542485
single|T8|270|0.855,single,270deg,T8,0.855,0.4499206989444829,8.548493279945175,0.014028526412754832,0.06710301202698772,0.014028526412754832,0.06710301202698772,0.008197845083427694,0.03407421261605549,-0.00040105563024066715,0.00934068148898861,0.0016058915842357968,0.020357956396617388,1.2654810609464116,0.0,0.0,0.16961300934886803
single|T8|270|0.938,single,270deg,T8,0.938,0.493662258210088,9.379582905991672,0.015342657894417236,0.07267409551041025,0.015342657894417236,0.07267409551041025,0.008970901090719137,0.037040340091509714,-0.00044516232828148157,0.010171448444662216,0.0017624626093682427,0.022290058134689733,1.7011790301502612,0.0,0.0,0.1971122325014001
single|T8|270|1.5,single,270deg,T8,1.5,0.7886342880323179,14.984051472614041,0.024156628015418097,0.10931336200396978,0.024156628015418097,0.10931336200396978,0.014341807297472888,0.05646619115374358,-0.0007557809135611725,0.01549885969217702,0.0028068987589928707,0.0346200589274316,1.5488212666266037,0.0,0.0,0.47320165924914187
single|T8|270|2.0,single,270deg,T8,2.0,1.0521607951634613,19.991055108105765,0.032029958511120324,0.13799398158962156,0.032029958511120324,0.13799398158962156,0.018930096866686185,0.07173788791728078,-0.0010284035673478412,0.019810261168833533,0.0037096416707698004,0.04495144263787115,1.5622374073035084,0.0,0.0,0.716808804212279
single|T8|315|0.25,single,315deg,T8,0.25,0.13163269762984034,2.5010212549669664,0.0054186473740156366,0.02534467294038077,0.0054186473740156366,0.02534467294038077,0.0029950872034360068,0.013064438072772381,-0.000128793841194594,0.003870624053938859,0.0005676804849879258,0.007455332536028425,0.9164651575758564,0.0,0.0,0.0
single|T8|315|0.5,single,315deg,T8,0.5,0.26318353784665804,5.000487219086503,0.010602677127775767,0.04855168731372122,0.010602677127775767,0.04855168731372122,0.005855880767288329,0.025121533038959126,-0.0002698827700232588,0.007337412730207264,0.0011037808316344475,0.014556473927898703,1.5164069520978045,0.0,0.0,0.016389215629045627
single|T8|315|0.855,single,315deg,T8,0.855,0.45000682339359205,8.550129644478249,0.017865192087466543,0.08200662964233806,0.017865192087466543,0.08200662964233806,0.009916627829321019,0.04239142135678039,-0.0004524466185997885,0.012196606192141551,0.001866602883199342,0.024729810227344162,1.2623436025478654,0.0,0.0,0.17092052416114875
single|T8|315|0.938,single,315deg,T8,0.938,0.4937445609445326,9.38114665794612,0.01953277576808838,0.08991178354089181,0.01953277576808838,0.08991178354089181,0.010866845261667353,0.046410157639933905,-0.0004975045815403527,0.013297287847898232,0.0020490167182373765,0.027110004763522072,1.7007160915141037,0.0,0.0,0.21373353222801103
single|T8|315|1.5,single,315deg,T8,1.5,0.7894107290353225,14.998803851671127,0.031402215034855414,0.13942562537546957,0.031402215034855414,0.13942562537546957,0.017423198655413356,0.07300966291045953,-0.0008431112189345286,0.020486909032979967,0.003293317258115866,0.04294629498188361,1.4987377734946108,0.0,0.0,0.4431449563413784
single|T8|315|2.0,single,315deg,T8,2.0,1.0525943737412409,19.999293101083577,0.041424065018073775,0.18191064880924285,0.041424065018073775,0.18191064880924285,0.02304384707380734,0.09501111920297303,-0.001127914001189108,0.025929025331542014,0.004353057260627435,0.05594290406328528,1.6941225689859372,0.0,0.0,0.7827153336494925
single|O1|0|0.25,single,0deg,O1,0.25,0.13156039865610633,2.4996475744660205,0.003712853151050695,0.015240450960442544,0.003712853151050695,0.015240450960442544,0.0021060891985079195,0.00868493281981005,1.1580705469621186e-05,0.0028303389041929223,0.00042948879361634495,0.005385765768418288,0.4228138958492642,0.0,0.0,0.0
single|O1|0|0.5,single,0deg,O1,0.5,0.2630093645174537,4.997177925831621,0.007476423926350083,0.03107299097174786,0.007476423926350083,0.03107299097174786,0.004284179899197651,0.017632823442115492,5.993469308286489e-06,0.005829633346237589,0.0008701715547247968,0.010933239334495859,0.8618768981456467,0.0,0.0,0.0
single|O1|0|0.855,single,0deg,O1,0.855,0.44919711300796344,8.534745147151305,0.012806334354737419,0.053380425504227676,0.012806334354737419,0.053380425504227676,0.007336171981305662,0.030234804827773406,2.0567839361538937e-06,0.010137086519991963,0.0014934963215776087,0.01875391208137521,1.1680169485852987,0.0,0.0,0.08367542911708956
single|O1|0|0.938,single,0deg,O1,0.938,0.49163282977024114,9.341023765634581,0.014106362052649118,0.05837289474389389,0.014106362052649118,0.05837289474389389,0.00805173708685218,0.03317953846880848,2.779565051489909e-07,0.011147246510420872,0.0016349944599449995,0.020477583784153687,1.2137722607039343,0.0,0.0,0.09843169228137987
single|O1|0|1.5,single,0deg,O1,1.5,0.7820246368907421,14.8584681009241,0.02281662721941078,0.09413014994813876,0.02281662721941078,0.09413014994813876,0.013141389850467665,0.05392681038423083,-4.697629616390513e-05,0.018125872982433865,0.002639251231056211,0.03301378062246202,1.6961791758875882,0.0,0.0,0.3802749231532332
single|O1|0|2.0,single,0deg,O1,2.0,1.0342330163826845,19.650427311271006,0.03069920817743238,0.1276377693155322,0.03069920817743238,0.1276377693155322,0.017506847806303405,0.07351453690229424,-0.0001248997637546074,0.024789798377820187,0.0035580604689366413,0.044678159961254085,1.8057579545257383,0.0,0.0,0.7214697037688498
single|O1|45|0.25,single,45deg,O1,0.25,0.1315789473684209,2.4999999999999973,0.005541925272769878,0.021018984014553998,0.005541925272769878,0.021018984014553998,0.003034192805152741,0.012000052890366292,1.4315010971099195e-05,0.004129351547597185,0.000682278320588231,0.007790171141536545,0.3967135673579807,0.0,0.0,0.0
single|O1|45|0.5,single,45deg,O1,0.5,0.263101174782125,4.998922320860376,0.011133200357602555,0.042149517321085565,0.011133200357602555,0.042149517321085565,0.00606962405280044,0.024080843653066793,2.1347872124917332e-05,0.00834722944085447,0.0013669106087002003,0.015410130850002313,0.7437331131800775,0.0,0.0,0.03315452354234404
single|O1|45|0.855,single,45deg,O1,0.855,0.44850881931259695,8.521667566939342,0.019033706590274663,0.0722733426450153,0.019033706590274663,0.0722733426450153,0.0103714955506496,0.04139368096277114,1.0901393062828152e-05,0.01430021292649574,0.0023411330843181727,0.02626071903452143,1.1853493359607152,0.0,0.0,0.1496440836492019
single|O1|45|0.938,single,45deg,O1,0.938,0.49188908566507467,9.345892627636418,0.020848558855528165,0.07944877688410983,0.020848558855528165,0.07944877688410983,0.01142449423566028,0.04541253664649419,6.285079689844489e-06,0.015739100599400403,0.002569708677090436,0.02880154539637128,1.2832941727481262,0.0,0.0,0.2580505334790495
single|O1|45|1.5,single,45deg,O1,1.5,0.7796135634662817,14.812657705859353,0.033316243342641653,0.12668486654610564,0.033316243342641653,0.12668486654610564,0.01820561059527848,0.07295697515890304,-1.8772496231915174e-05,0.02579541674256158,0.004090080948069513,0.04522314981139322,1.8889449131449378,0.0,0.0,0.5469152915781649
single|O1|45|2.0,single,45deg,O1,2.0,1.0361162276532634,19.686208325412004,0.044930912635371786,0.16902973879058555,0.044930912635371786,0.16902973879058555,0.02444447644827135,0.0968116470248653,-7.133290878984018e-05,0.034860480308388786,0.0054747265008947,0.060210110789681304,1.7640018905261736,0.0,0.0,0.9230102247203985
single|O1|90|0.25,single,90deg,O1,0.25,0.13157894736842116,2.5000000000000018,0.007399178331183613,0.023602250052637802,0.007399178331183613,0.023602250052637802,0.003970277561325997,0.013412342344502273,1.7110186690862345e-05,0.004408812139702976,0.0008831493412898156,0.009172572643398616,0.3685321793273292,0.0,0.0,0.0
single|O1|90|0.5,single,90deg,O1,0.5,0.26299675518487414,4.996938348512609,0.014671398086559335,0.046370539918641665,0.014671398086559335,0.046370539918641665,0.007852857622893316,0.026465448034056573,3.340066207866424e-05,0.00875705574847026,0.0017455005413218316,0.018024087466789095,0.6286443575514731,0.0,0.0,0.06461095773897213
single|O1|90|0.855,single,90deg,O1,0.855,0.44771459805335934,8.506577363013827,0.02469931348724482,0.07781498429496296,0.02469931348724482,0.07781498429496296,0.0131420000504705,0.04431135544734508,3.995154485074995e-05,0.014745745574617731,0.0029305954145339777,0.030285987922612556,1.0367228289912236,0.0,0.0,0.18177931290269916
single|O1|90|0.938,single,90deg,O1,0.938,0.4908977085741985,9.327056462909772,0.027038721309496506,0.08515474976888537,0.027038721309496506,0.08515474976888537,0.01440628245192621,0.04861789470175022,4.226332443877311e-05,0.01623942538196426,0.0032070372902689714,0.03310910076170499,1.129149873649605,0.0,0.0,0.253907703384554
single|O1|90|1.5,single,90deg,O1,1.5,0.7749351209130817,14.723767297348552,0.0423562804781655,0.133619656553294,0.0423562804781655,0.133619656553294,0.02259977307751216,0.07567527367822288,4.866486043958225e-05,0.02577450445628065,0.005020738342741249,0.05122909831960514,1.5353101214264626,0.0,0.0,0.6028292279098079
single|O1|90|2.0,single,90deg,O1,2.0,1.028209349570168,19.535977641833195,0.05658187598256649,0.1757159845921111,0.05658187598256649,0.1757159845921111,0.03011947288668954,0.1004336370924311,2.0301343783982125e-05,0.0354077159330934,0.006652563468222739,0.0673342241091742,1.927426143328634,0.0,1.8442194677498043,1.0438712666058676
single|O1|135|0.25,single,135deg,O1,0.25,0.1315789473684208,2.499999999999995,0.005234617713159712,0.017771066304924508,0.005234617713159712,0.017771066304924508,0.0027983717060773568,0.010343030014249056,-3.5409491833657656e-05,0.003476932299281181,0.0006094054716646036,0.006710060442853494,0.5376043199694654,0.0,0.0,0.0
single|O1|135|0.5,single,135deg,O1,0.5,0.26288551107399755,4.994824710405953,0.010415609204590759,0.0352772321224723,0.010415609204590759,0.0352772321224723,0.005535580631069632,0.02057458973232329,-8.189558892440077e-05,0.006972015458279685,0.00120681532178947,0.013261063898906023,0.8051634048779422,0.0,0.0,0.05702941705052541
single|O1|135|0.855,single,135deg,O1,0.855,0.4490618017704456,8.532174233638466,0.017582024363638468,0.0596390876476561,0.017582024363638468,0.0596390876476561,0.009274363427013363,0.03472438160959979,-0.000168486846022282,0.011766454903245474,0.0020330021817759336,0.022291266647819635,1.585102972340291,0.0,0.0,0.1347204321250747
single|O1|135|0.938,single,135deg,O1,0.938,0.4926091485361901,9.359573822187611,0.019230883757162413,0.06513211450748181,0.019230883757162413,0.06513211450748181,0.010151430284075804,0.037972774049593934,-0.00018904018044660023,0.01292296892560541,0.002226949709190601,0.02439506968549876,1.181343426798763,0.0,0.0,0.16935418002752628
single|O1|135|1.5,single,135deg,O1,1.5,0.7820773297657663,14.859469265549558,0.030137518199889735,0.10172890680997435,0.030137518199889735,0.10172890680997435,0.015837568320343255,0.05917896470383611,-0.0003519008616600496,0.020459116397926053,0.00346701850723842,0.03802787325952492,1.695428193186813,0.0,0.0,0.38727720090453777
single|O1|135|2.0,single,135deg,O1,2.0,1.0324092037298087,19.615774870866364,0.039495052400041926,0.13296305490567725,0.039495052400041926,0.13296305490567725,0.020819055794925337,0.07700475791161925,-0.0005272319708375863,0.026600524335285893,0.004507958019703745,0.04943926373144797,1.8696345123645612,0.0,0.0,0.6128898147114643
single|O1|180|0.25,single,180deg,O1,0.25,0.1315789473684209,2.4999999999999973,0.0036964312740461643,0.015144165237949914,0.0036964312740461643,0.015144165237949914,0.0021024609545127145,0.008670496637331923,-1.3074042448669244e-05,0.0028008869142567257,0.00042860619231253894,0.005397841755197273,0.5975350888144937,0.0,0.0,0.0
single|O1|180|0.5,single,180deg,O1,0.5,0.2630724379621773,4.998376321281368,0.007395398261888037,0.029981231227796362,0.007395398261888037,0.029981231227796362,0.004212319620768764,0.017163760954454946,-2.8891434855127007e-05,0.0055820468673218595,0.0008588279914751862,0.010753250748373362,0.8855423940532565,0.0,0.0,0.022894410680802925
single|O1|180|0.855,single,180deg,O1,0.855,0.4493226618698783,8.537130575527687,0.012438170515172438,0.05075498409366837,0.012438170515172438,0.05075498409366837,0.007114557242583934,0.029058601678722637,-8.631698147013321e-05,0.00946134505536059,0.001452702246758003,0.018193432683271622,1.2172005785278617,0.0,0.0,0.08821638799304071
single|O1|180|0.938,single,180deg,O1,0.938,0.4928733527431736,9.364593702120299,0.013596550894483847,0.055697764175802494,0.013596550894483847,0.055697764175802494,0.0078124438875820795,0.03197549902419997,-9.884092578637047e-05,0.010429049037158867,0.001593855188614074,0.019972128649131282,1.1617945587657335,0.0,0.0,0.09440079347282555
single|O1|180|1.5,single,180deg,O1,1.5,0.7864198694781753,14.94197752008533,0.021366515055949255,0.08890052665475645,0.021366515055949255,0.08890052665475645,0.01234784632418719,0.050860704633777426,-0.00021808045191382784,0.016388954818269092,0.0025036096482581593,0.03136525444843495,1.6236324058379248,0.0,0.0,0.2407398176075229
single|O1|180|2.0,single,180deg,O1,2.0,1.0454277525200888,19.863127297881686,0.02786710618782339,0.11704194367534107,0.02786710618782339,0.11704194367534107,0.016054062038928063,0.0669352740503844,-0.00037023018588650344,0.021675102684188177,0.0032892098233815448,0.04132051673859613,1.4424583294230509,0.0,0.0,0.4964170641259058
single|O1|225|0.25,single,225deg,O1,0.25,0.131473501122659,2.4979965213305206,0.005518455587669747,0.020927255589805103,0.005518455587669747,0.020927255589805103,0.0030251607570550764,0.011874609959021128,-1.8977783221761655e-05,0.003954715100941792,0.0006790073668020702,0.007777349570727496,0.6851198372249112,0.0,0.0,0.0
single|O1|225|0.5,single,225deg,O1,0.5,0.262880407709593,4.994727746482266,0.011022988567518686,0.04174936422254009,0.011022988567518686,0.04174936422254009,0.006074901125047017,0.02371186988408503,-4.442589155178754e-05,0.007717629204587158,0.0013575643374904023,0.015477897923410491,1.6014286209233681,0.0,0.0,0.016192935635865307
single|O1|225|0.855,single,225deg,O1,0.855,0.44937812555560047,8.53818438555641,0.01886532801743788,0.07090121094650038,0.01886532801743788,0.07090121094650038,0.010369054202121336,0.04049812609371878,-8.860390147522122e-05,0.012946903889565289,0.002311042404364777,0.026546348889345324,1.4379868687532489,0.0,0.0,0.12222484801363079
single|O1|225|0.938,single,225deg,O1,0.938,0.4916965891818513,9.342235194455174,0.02060558084396246,0.07723211227572359,0.02060558084396246,0.07723211227572359,0.01134071643483775,0.044224616292387844,-0.00010457725344921229,0.014129825103394165,0.0025165668637797955,0.02894078825516368,1.3859707057170105,0.0,0.0,0.17304199256296585
single|O1|225|1.5,single,225deg,O1,1.5,0.7845056375036483,14.905607112569319,0.0327303321972025,0.11979750964728807,0.0327303321972025,0.11979750964728807,0.01804356848973522,0.0692344102734272,-0.0002349052233232032,0.021962656725433655,0.003982001758287473,0.04545928522460704,1.5110680930373683,0.0,0.0,0.488346365205702
single|O1|225|2.0,single,225deg,O1,2.0,1.0357836108849097,19.679888606813282,0.043130732304543694,0.15499768460600352,0.043130732304543694,0.15499768460600352,0.023870428779361078,0.0910061287054532,-0.00037975423264075193,0.028031148599672276,0.005227337464618065,0.05946322256170586,1.4146804196786569,0.0,0.0,0.789562209590088
single|O1|270|0.25,single,270deg,O1,0.25,0.13150117427792976,2.4985223112806656,0.0074147451441158255,0.023538911966338633,0.0074147451441158255,0.023538911966338633,0.003922032268197397,0.013305390018063912,-1.741473957779955e-05,0.0042898757909042165,0.0008824730447704598,0.009198933139516918,0.5761963034688363,0.0,0.0,0.009439815961444787
single|O1|270|0.5,single,270deg,O1,0.5,0.2621985377942269,4.9817722180903115,0.014838665182195176,0.046958947630594425,0.014838665182195176,0.046958947630594425,0.007860333116376567,0.026961612859238662,-3.92314820155974e-05,0.008457180013017625,0.001775060472199011,0.018426690514424013,1.2672687449423372,0.0,0.0,0.026291747218972032
single|O1|270|0.855,single,270deg,O1,0.855,0.4477097798037062,8.506485816270418,0.025684896202834286,0.08185284159370224,0.025684896202834286,0.08185284159370224,0.013628308082734446,0.04700488866220629,-7.654447456691989e-05,0.014616886056221657,0.0030772314942144885,0.03188994787746274,1.8477665622541157,0.0,0.0,0.24142323169554236
single|O1|270|0.938,single,270deg,O1,0.938,0.4911089557497378,9.331070159245018,0.028248742508409183,0.09011565532667874,0.028248742508409183,0.09011565532667874,0.014985478242211895,0.05166415960127615,-8.611688046280889e-05,0.016054948046333634,0.0033842059677692445,0.03509180047535773,1.7221945039085917,0.0,0.0,0.28591559183577586
single|O1|270|1.5,single,270deg,O1,1.5,0.7779939763679389,14.781885550990838,0.04493288415244013,0.14401844177469114,0.04493288415244013,0.14401844177469114,0.023772917730212985,0.08344569716361992,-0.00015989690986196656,0.024843759083073826,0.0053937375200917015,0.05625827286671212,1.4913782758819614,0.0,0.0,0.632540053496943
single|O1|270|2.0,single,270deg,O1,2.0,1.0268653176498546,19.510441035347235,0.05979774648995295,0.19133816777643092,0.05979774648995295,0.19133816777643092,0.03179021775130231,0.11210287084747458,-0.00023417509683283349,0.03277969912817881,0.007186625968327837,0.07533757153558009,1.537846918520669,0.0,2.6085992764748624,1.1362816874566013
single|O1|315|0.25,single,315deg,O1,0.25,0.13157894736842105,2.5,0.00523461771315965,0.017771090988400736,0.00523461771315965,0.017771090988400736,0.0027983161587754385,0.010340680399028747,3.9394379162549566e-05,0.0034277892935662933,0.0006091978949210736,0.00672872674432054,0.31101753566557566,0.0,0.0,0.0
single|O1|315|0.5,single,315deg,O1,0.5,0.2625221484809898,4.987920821138807,0.01062342508823835,0.035847466365684304,0.01062342508823835,0.035847466365684304,0.005643716845490043,0.020937195421826815,5.8017550977822554e-05,0.006829357680116687,0.0012338776031401294,0.013555620502760629,0.8341266565402802,0.0,0.0,0.012321432159263868
single|O1|315|0.855,single,315deg,O1,0.855,0.448011510830011,8.51221870577021,0.018248860370975842,0.0616049426424783,0.018248860370975842,0.0616049426424783,0.009726618781274343,0.036287749054465177,7.080010754438397e-05,0.011664202723146718,0.0021276636713181557,0.023388572451246273,1.0692166321881629,0.0,0.0,0.135457647972821
single|O1|315|0.938,single,315deg,O1,0.938,0.4914156632117382,9.336897601023026,0.020047269838411076,0.06772375951648538,0.020047269838411076,0.06772375951648538,0.01067544044577082,0.03992067545390442,7.294821123428329e-05,0.012667692919936302,0.0023381742608121203,0.02565223590761042,1.1191122520907246,0.0,0.0,0.1718167177870491
single|O1|315|1.5,single,315deg,O1,1.5,0.7763206275736861,14.750091923900037,0.032507342902734875,0.10935423674534553,0.032507342902734875,0.10935423674534553,0.01710854240543702,0.06413110212726096,7.482166028675926e-05,0.020204124414481363,0.0037849170348958072,0.041188710707789025,1.6286438487025832,0.0,0.0,0.5652693911378622
single|O1|315|2.0,single,315deg,O1,2.0,1.023200707362987,19.44081343989675,0.04315599097458382,0.1485576968237665,0.04315599097458382,0.1485576968237665,0.022786067883761217,0.08666820136510334,3.5470321744078094e-05,0.02702217657336433,0.005050597843856315,0.05538072590709903,1.453186715888231,0.0,0.0,0.9912537363379248
single|O2|0|0.25,single,0deg,O2,0.25,0.1315655969447392,2.499746341950045,0.0037842995437129883,0.015188091410263466,0.0037842995437129883,0.015188091410263466,0.0021573131911545237,0.0082694149316668,8.589150728240929e-06,0.0027146272790589624,0.0004382838496343744,0.005312092395937551,0.45006906929123425,0.0,0.0,0.0
single|O2|0|0.5,single,0deg,O2,0.5,0.2631277754493631,4.9994277335379,0.007733184383198722,0.030556753498481675,0.007733184383198722,0.030556753498481675,0.00439094957040961,0.0165956535783367,1.0380902205663741e-05,0.005556607437285345,0.0008850172997721534,0.010766949855210397,0.7309917504656642,0.0,0.0,0.005439918122058548
single|O2|0|0.855,single,0deg,O2,0.855,0.4488785045391127,8.528691586243141,0.013286511879284799,0.053002821229185,0.013286511879284799,0.053002821229185,0.007582730230517188,0.028819830347043766,5.4219830824083116e-06,0.009723844592274397,0.001531886313823727,0.018484313960600754,1.0057736340727867,0.0,0.0,0.06366866998817723
single|O2|0|0.938,single,0deg,O2,0.938,0.4918073008821532,9.34433871676091,0.014649529840274391,0.058342620603000266,0.014649529840274391,0.058342620603000266,0.008368184771278625,0.03168820663913049,1.122294272127557e-06,0.010736156978700132,0.001686913636248094,0.020329606358778174,1.136380295016147,0.0,0.0,0.07270052365612699
single|O2|0|1.5,single,0deg,O2,1.5,0.7835754600761874,14.887933741447561,0.02361867334987796,0.09359176074900531,0.02361867334987796,0.09359176074900531,0.013418827339251862,0.05121998119729865,-3.0038549285747637e-05,0.017272557305640184,0.0027314706974221614,0.03293846757185696,1.3230403589515691,0.0,0.0,0.2950404298924857
single|O2|0|2.0,single,0deg,O2,2.0,1.0426946869728801,19.811199052484724,0.03199925838810426,0.12721048302218876,0.03199925838810426,0.12721048302218876,0.018169445562048178,0.06943598908856012,-9.096368630327928e-05,0.023790258762107958,0.003698825629464969,0.04461245010916366,1.6722913301260527,0.0,0.0,0.5866272753427232
single|O2|45|0.25,single,45deg,O2,0.25,0.13157357660382427,2.499897955472661,0.005508579697722981,0.01803493842596351,0.005508579697722981,0.01803493842596351,0.002869177811849934,0.010456815471635683,1.7817502476549836e-05,0.0034454884599124077,0.0006303398278623695,0.006885882360563797,0.4040937149581728,0.0,0.0,0.005439918122058548
single|O2|45|0.5,single,45deg,O2,0.5,0.26291499970328014,4.995384994362323,0.01107677906346217,0.0363744673127687,0.01107677906346217,0.0363744673127687,0.005734182218191483,0.02112418000521071,3.024164671469451e-05,0.006954777046026035,0.0012661043651974735,0.013885069101959802,0.6923415955929753,0.0,0.0,0.01771884517879204
single|O2|45|0.855,single,45deg,O2,0.855,0.448675559551633,8.524835631481027,0.01907132833626396,0.06279987135963837,0.01907132833626396,0.06279987135963837,0.009872313795998067,0.03658376358630554,2.963000461769937e-05,0.011773821960589978,0.002184941774720811,0.023823432688063376,0.9607984169832977,0.0,0.0,0.10094185348334285
single|O2|45|0.938,single,45deg,O2,0.938,0.49214342846031967,9.350725140746073,0.0209384326040608,0.06913348292747191,0.0209384326040608,0.06913348292747191,0.010823219367485076,0.040043884875576544,3.268525032263133e-05,0.01291530356671796,0.002394251344549514,0.026174029119409997,1.0084116060491406,0.0,0.0,0.1654746102038096
single|O2|45|1.5,single,45deg,O2,1.5,0.7759052250722459,14.742199276372672,0.03347372588177765,0.1109609214954555,0.03347372588177765,0.1109609214954555,0.01744742215414788,0.06552990492388483,3.7686339893947747e-06,0.020410779036828672,0.0038504140733953696,0.041948814480293306,1.5158467177686412,0.0,0.0,0.4553275928876245
single|O2|45|2.0,single,45deg,O2,2.0,1.0185384554028218,19.352230652653617,0.044592597271229065,0.14801917423187333,0.044592597271229065,0.14801917423187333,0.0231768135208871,0.08767140696653182,-3.076396384036578e-05,0.026975246538667362,0.005145836944715126,0.05565291303122005,1.8949505427716233,0.0,0.0,0.7809809974485364
single|O2|90|0.25,single,90deg,O2,0.25,0.13157894736842074,2.4999999999999942,0.007436867612444097,0.023334566573065436,0.007436867612444097,0.023334566573065436,0.004014714087167156,0.013604069195648634,-2.9653661983344144e-05,0.0042789875451687675,0.0009052618791342559,0.009385873500344713,0.41268653119261334,0.0,0.0,0.0
single|O2|90|0.5,single,90deg,O2,0.5,0.26291084055944836,4.995305970629519,0.01480444114049195,0.046276497820908834,0.01480444114049195,0.046276497820908834,0.008012999786913215,0.027067905460999152,-5.3170918520424265e-05,0.008456125566272881,0.0018051453010558037,0.018682823869693804,0.9510787047080065,0.0,0.0,0.053555383966207584
single|O2|90|0.855,single,90deg,O2,0.855,0.44767672955457877,8.505857861536997,0.025362607742328232,0.07930865814754624,0.025362607742328232,0.07930865814754624,0.013728981988715343,0.04697285804376104,-0.00010527427970587677,0.014126089053703645,0.0030973785733109105,0.03201156386605075,1.854164843901762,0.0,0.0,0.1892914778804592
single|O2|90|0.938,single,90deg,O2,0.938,0.4909555873261411,9.32815615919668,0.027811183759467686,0.08703832872507625,0.027811183759467686,0.08703832872507625,0.015087152610007499,0.05159835079080365,-0.00011942179781295733,0.015560948023175822,0.0033986360967150353,0.03520406129988776,1.7627174751130719,0.0,0.0,0.26333788434074923
single|O2|90|1.5,single,90deg,O2,1.5,0.7733998662916336,14.694597459541038,0.0444428961797213,0.13858134381140763,0.0444428961797213,0.13858134381140763,0.02388022265415636,0.08217925768075335,-0.000191795456375271,0.024287410443961037,0.005396430363018734,0.056006008964617326,1.2804559059539335,0.0,0.0,0.7603568947780769
single|O2|90|2.0,single,90deg,O2,2.0,1.025833580000721,19.490838020013697,0.05993564128178995,0.18791001756382925,0.05993564128178995,0.18791001756382925,0.03201606391919812,0.11159273021688515,-0.00026001558524863183,0.03240753648766284,0.007266079716227392,0.07541986430597654,1.4656182555050223,0.0,1.6116955008936853,1.1185211322400377
single|O2|135|0.25,single,135deg,O2,0.25,0.13157894736842105,2.5,0.005674797749897305,0.020169372520112427,0.005674797749897305,0.020169372520112427,0.003122366709112553,0.011555354639667838,-2.8943026149501385e-05,0.0038175512977756333,0.0006801392458183758,0.0077358346854611015,0.31562387001883874,0.0,0.0,0.0
single|O2|135|0.5,single,135deg,O2,0.5,0.26272338813369867,4.991744374540275,0.011287200901796888,0.039654878583231065,0.011287200901796888,0.039654878583231065,0.00620847704159397,0.02308519852664182,-5.813372556091405e-05,0.007479529423497283,0.0013521545257234417,0.015403883857485152,1.05957080614794,0.0,0.0,0.02238753770498152
single|O2|135|0.855,single,135deg,O2,0.855,0.44835269670708794,8.518701237434671,0.01920470326624537,0.06745996452093472,0.01920470326624537,0.06745996452093472,0.010525150509513612,0.03897439804365978,-0.00010920891474217268,0.0124638853979562,0.0022893826751956003,0.02616781375387861,1.347093697996765,0.0,0.0,0.2182790990021504
single|O2|135|0.938,single,135deg,O2,0.938,0.4917798177998463,9.34381653819708,0.021050913652286084,0.07368525318398805,0.021050913652286084,0.07368525318398805,0.011518569287600719,0.04274624602814813,-0.0001256457389121095,0.013675035078191011,0.0025079951236533504,0.028651454643627037,1.4792681776534935,0.0,0.0,0.24659842314693342
single|O2|135|1.5,single,135deg,O2,1.5,0.7820490732423667,14.858932391604968,0.033102949009627916,0.1155104887300783,0.033102949009627916,0.1155104887300783,0.0181528139236872,0.06666889487641303,-0.00024635774611376376,0.020723406895589287,0.0039263977071092165,0.045069349379549796,1.54178946084882,0.0,0.0,0.5392921125528325
single|O2|135|2.0,single,135deg,O2,2.0,1.0331702353092096,19.63023447087498,0.04324031047483874,0.14866171361630087,0.04324031047483874,0.14866171361630087,0.023861360325888717,0.08700944216384034,-0.0003499403790121421,0.026678253369844158,0.005128728695064005,0.05882437176809019,1.615358979199228,0.0,0.0,0.7957755114473014
single|O2|180|0.25,single,180deg,O2,0.25,0.13157894736842118,2.5000000000000027,0.003632436709430888,0.014758710383330428,0.003632436709430888,0.014758710383330428,0.002096838442731936,0.008052020183864073,-2.2521363083128508e-05,0.002631827607749069,0.00042515204996695227,0.005162659488242627,0.42354721029316567,0.0,0.0,0.0
single|O2|180|0.5,single,180deg,O2,0.5,0.26315623311069947,4.99996842910329,0.007281820107634559,0.02965161872619508,0.007281820107634559,0.02965161872619508,0.0042031221328811515,0.016313645756783055,-4.218210080543033e-05,0.00528514734482426,0.0008526081509398625,0.010354067064843,0.5177670988011992,0.0,0.0,0.010486018969823476
single|O2|180|0.855,single,180deg,O2,0.855,0.4491660667507956,8.534155268265117,0.012270927820457854,0.050832647133025335,0.012270927820457854,0.050832647133025335,0.007082688560647005,0.027689095728226417,-9.769000772191159e-05,0.009023300066024958,0.0014391284320386145,0.017627062892664747,0.7625738012677746,0.0,0.0,0.12962329221218877
single|O2|180|0.938,single,180deg,O2,0.938,0.4925893233900049,9.359197144410093,0.013453666141564635,0.055801541282921835,0.013453666141564635,0.055801541282921835,0.0077651744943916835,0.03041183478181685,-0.00011192431120849209,0.009904202954964131,0.00157285408459501,0.019292534013280516,0.834221727161007,0.0,0.0,0.16097638307509335
single|O2|180|1.5,single,180deg,O2,1.5,0.7862553022197296,14.938850742174862,0.021596094642405438,0.08788051630086928,0.021596094642405438,0.08788051630086928,0.01233299313900751,0.04832165604996727,-0.00024171888469983185,0.0157819464548606,0.0024928436751710525,0.030635289005526728,1.6913490310979729,0.0,0.0,0.3035552297788262
single|O2|180|2.0,single,180deg,O2,2.0,1.0449684290969716,19.854400152842462,0.028155566673144,0.11585476712202879,0.028155566673144,0.11585476712202879,0.016257209478864984,0.06429735829731766,-0.0003934807737177709,0.02073674111044046,0.003281200669242451,0.040543686542719226,1.6525700796864098,0.0,0.0,0.49338038020257247
single|O2|225|0.25,single,225deg,O2,0.25,0.1315765227128886,2.4999539315448835,0.005463596864346175,0.01791451216934534,0.005463596864346175,0.01791451216934534,0.002861242292894477,0.010321224129401025,-2.1601513188455475e-05,0.003402380339980247,0.0006204780040400815,0.006786736336204063,0.3308941368690275,0.0,0.0,0.0
single|O2|225|0.5,single,225deg,O2,0.5,0.26313784736361956,4.999619099908772,0.010642921285415483,0.0346615794358258,0.010642921285415483,0.0346615794358258,0.005566017843071339,0.02015628068774365,-5.889956065786747e-05,0.00660848164451218,0.0012031596435786995,0.013240300403134939,0.887320028215425,0.0,0.0,0.021499182686798245
single|O2|225|0.855,single,225deg,O2,0.855,0.44974860206061595,8.545223439151703,0.01803678586838805,0.05871758731944311,0.01803678586838805,0.05871758731944311,0.009394371578664431,0.03403383218819598,-0.0001016848437980364,0.011167802790729509,0.0020346288518550554,0.02242507536500321,1.224979448398393,0.0,0.0,0.12368368168204981
single|O2|225|0.938,single,225deg,O2,0.938,0.49331932511896137,9.373067177260266,0.019708368165482444,0.06433507207135429,0.019708368165482444,0.06433507207135429,0.010272606505336054,0.03719784777722952,-0.00011871121967292634,0.012182536912796216,0.0022233017379836573,0.02455242521488836,1.0909538068340625,0.0,0.0,0.1620800976549813
single|O2|225|1.5,single,225deg,O2,1.5,0.7817259139166444,14.852792364416242,0.030415232591310078,0.09943166486751559,0.030415232591310078,0.09943166486751559,0.015932851950868625,0.05829344136939534,-0.0002438773618876401,0.019010689320738697,0.003419623596289667,0.03800866183014229,1.5833044785593442,0.0,0.0,0.3611289822542545
single|O2|225|2.0,single,225deg,O2,2.0,1.0370087002446575,19.703165304648493,0.03979900358188833,0.13108023469822008,0.03979900358188833,0.13108023469822008,0.02092867627137937,0.07663805732511877,-0.00039914659219019246,0.024607861324983115,0.004474076674516067,0.04986683163004774,1.5539374258583338,0.0,0.0,0.9000205645832494
single|O2|270|0.25,single,270deg,O2,0.25,0.13157894736842116,2.5000000000000018,0.007436867612444149,0.023334578435523255,0.007436867612444149,0.023334578435523255,0.004017743650861493,0.013599725298038276,3.9955590831887476e-05,0.004333867075613768,0.0009064184594390345,0.00932781207810477,0.4126865311926133,0.0,0.0,0.0076646812634806275
single|O2|270|0.5,single,270deg,O2,0.5,0.2626796920174761,4.990914148332046,0.014530726560664394,0.0458849917811421,0.014530726560664394,0.0458849917811421,0.007844969242039476,0.02640024181877196,6.0752300556634035e-05,0.008279760108761301,0.0017571062527564352,0.018172588927066982,0.8914976537752451,0.0,0.0,0.05293344913683507
single|O2|270|0.855,single,270deg,O2,0.855,0.4487116911657328,8.525522132148923,0.024793213579241132,0.07839877311186208,0.024793213579241132,0.07839877311186208,0.013330922117372867,0.04482929175642488,9.054494624485449e-05,0.014472377498801717,0.0029850602649968694,0.03081541579903596,1.013516355667344,0.0,0.0,0.2008596679746443
single|O2|270|0.938,single,270deg,O2,0.938,0.49222542847618417,9.352283141047499,0.027236890836529123,0.08620764805808116,0.027236890836529123,0.08620764805808116,0.014630674633006758,0.04919062102072836,9.853405427182868e-05,0.015895409773960017,0.0032714446990937535,0.03370463341645516,0.9316006394874226,0.0,0.0,0.2361492987863307
single|O2|270|1.5,single,270deg,O2,1.5,0.7785007046468162,14.791513388289507,0.043006170912905664,0.1350784646217752,0.043006170912905664,0.1350784646217752,0.022929743930416458,0.07766095217534227,0.00012328517745076507,0.02524510873848405,0.005094788994636709,0.0523721153032663,0.9314291238035883,0.0,0.0,0.6629997782312782
single|O2|270|2.0,single,270deg,O2,2.0,1.0222168412494101,19.422119983738792,0.05644867900269881,0.17821478964446988,0.05644867900269881,0.17821478964446988,0.030017188042936044,0.10193903749891364,0.00015126597568530526,0.03320461417607527,0.006638205731921087,0.06804960626856157,1.396049127331402,0.0,2.2847070973418306,1.168503310641072
single|O2|315|0.25,single,315deg,O2,0.25,0.13157324510982227,2.499891657086623,0.0057192322600268415,0.020212570357931083,0.0057192322600268415,0.020212570357931083,0.0031408658724089754,0.011515099970258203,2.5473704888060995e-05,0.003824497030160068,0.0006817577644289835,0.00768148580670279,0.3063180402836684,0.0,0.0,0.0
single|O2|315|0.5,single,315deg,O2,0.5,0.26297809010231216,4.996583711943931,0.011489246628735789,0.04101926713047673,0.011489246628735789,0.04101926713047673,0.006356389486811188,0.023422623476885895,2.7190555938154767e-05,0.007823513448080275,0.0013803342464495105,0.015359093969979046,0.6651836861875335,0.0,0.0,0.015187309809820342
single|O2|315|0.855,single,315deg,O2,0.855,0.44937724871184487,8.538167725525053,0.01976349869732936,0.0712642773139337,0.01976349869732936,0.0712642773139337,0.010880804835009503,0.04056080398322393,3.0895013645779935e-05,0.013761188562112898,0.002374680153025943,0.026220898651248915,1.1752378003652306,0.0,0.0,0.14715347570413276
single|O2|315|0.938,single,315deg,O2,0.938,0.49296406598500286,9.366317253715055,0.021670447644853524,0.0782503643025761,0.021670447644853524,0.0782503643025761,0.011950568974892335,0.04431925832898007,3.2228069836389984e-05,0.01511845378531547,0.002604467319563486,0.028697645120436557,1.2130269407855496,0.0,0.0,0.20279432252412186
single|O2|315|1.5,single,315deg,O2,1.5,0.7816644752101409,14.851625028992677,0.034605698549927615,0.12596405619915557,0.034605698549927615,0.12596405619915557,0.01910704134689454,0.07092375503900596,7.844079126148902e-06,0.024255878792228312,0.004170957173667417,0.04509731471231076,1.171760553032236,0.0,0.0,0.508007562610882
single|O2|315|2.0,single,315deg,O2,2.0,1.0381097559085901,19.72408536226321,0.04667827377806377,0.17098973354210215,0.04667827377806377,0.17098973354210215,0.02588055749470556,0.0949543183935037,-4.1982634910295676e-05,0.03290972896631627,0.005604294596725817,0.06046738846230815,1.6551907858958215,0.0,0.0,0.9797040349171072
